INSERT INTO attributetype (id, datatype, description, name) VALUES (1, 'java.util.Date', 'Date for First ARV package dispensing.', 'ARV Start Date');

INSERT INTO chemicalcompound (id, name, acronym) VALUES (1, 'Abacavir', 'ABC');
INSERT INTO chemicalcompound (id, name, acronym) VALUES (2, 'Efavirenze', 'EFV');
INSERT INTO chemicalcompound (id, name, acronym) VALUES (3, 'Lamivudina', '3TC');
INSERT INTO chemicalcompound (id, name, acronym) VALUES (4, 'Nevirapina', 'NVP');
INSERT INTO chemicalcompound (id, name, acronym) VALUES (5, 'Ritonavir', 'RTV');
INSERT INTO chemicalcompound (id, name, acronym) VALUES (6, 'Stavudina', 'D4T');
INSERT INTO chemicalcompound (id, name, acronym) VALUES (7, 'Zidovudina', 'AZT');
INSERT INTO chemicalcompound (id, name, acronym) VALUES (8, 'Lopinavir', 'LPV');
INSERT INTO chemicalcompound (id, name, acronym) VALUES (9, 'Tenofovir ', 'TDF');
INSERT INTO chemicalcompound (id, name, acronym) VALUES (10, 'Saquinavir', 'SQV');
INSERT INTO chemicalcompound (id, name, acronym) VALUES (11, 'Atazanavir', 'ATV');
INSERT INTO chemicalcompound (id, name, acronym) VALUES (138, 'Raltegravir', 'RAL');
INSERT INTO chemicalcompound (id, name, acronym) VALUES (13, 'Darunavir', 'DRV');
INSERT INTO chemicalcompound (id, name, acronym) VALUES (14, 'Didanosina', 'DDI');
INSERT INTO chemicalcompound (id, name, acronym) VALUES (15, 'Indinavir', 'IDV');
INSERT INTO chemicalcompound (id, name, acronym) VALUES (478344, 'Cotrimoxazol', 'CTZ');
INSERT INTO chemicalcompound (id, name, acronym) VALUES (17, 'Isoniazida', 'TPI');
INSERT INTO chemicalcompound (id, name, acronym) VALUES (18, 'Dapsona', 'TPD');

--Adult
INSERT INTO chemicaldrugstrength (id, chemicalcompound, strength, drug) VALUES (1, 3, 150, 36744);
INSERT INTO chemicaldrugstrength (id, chemicalcompound, strength, drug) VALUES (2, 7, 300, 36744);
INSERT INTO chemicaldrugstrength (id, chemicalcompound, strength, drug) VALUES (3, 4, 200, 36744);
INSERT INTO chemicaldrugstrength (id, chemicalcompound, strength, drug) VALUES (4, 3, 300, 36760);
INSERT INTO chemicaldrugstrength (id, chemicalcompound, strength, drug) VALUES (5, 9, 300, 36760);
INSERT INTO chemicaldrugstrength (id, chemicalcompound, strength, drug) VALUES (6, 2, 600, 36760);
INSERT INTO chemicaldrugstrength (id, chemicalcompound, strength, drug) VALUES (7, 3, 150, 25);
INSERT INTO chemicaldrugstrength (id, chemicalcompound, strength, drug) VALUES (8, 7, 300, 25);
INSERT INTO chemicaldrugstrength (id, chemicalcompound, strength, drug) VALUES (9, 3, 150, 36753);
INSERT INTO chemicaldrugstrength (id, chemicalcompound, strength, drug) VALUES (10, 6, 30, 36753);
INSERT INTO chemicaldrugstrength (id, chemicalcompound, strength, drug) VALUES (11, 4, 200, 36753);
INSERT INTO chemicaldrugstrength (id, chemicalcompound, strength, drug) VALUES (12, 3, 150, 36757);
INSERT INTO chemicaldrugstrength (id, chemicalcompound, strength, drug) VALUES (13, 6, 30, 36757);
INSERT INTO chemicaldrugstrength (id, chemicalcompound, strength, drug) VALUES (14, 3, 300, 36778);
INSERT INTO chemicaldrugstrength (id, chemicalcompound, strength, drug) VALUES (15, 9, 300, 36778);
INSERT INTO chemicaldrugstrength (id, chemicalcompound, strength, drug) VALUES (16, 8, 200, 26);
INSERT INTO chemicaldrugstrength (id, chemicalcompound, strength, drug) VALUES (17, 5, 50, 26);
INSERT INTO chemicaldrugstrength (id, chemicalcompound, strength, drug) VALUES (18, 2, 600, 8);
INSERT INTO chemicaldrugstrength (id, chemicalcompound, strength, drug) VALUES (19, 1, 300, 2);
INSERT INTO chemicaldrugstrength (id, chemicalcompound, strength, drug) VALUES (20, 4, 200, 11);
INSERT INTO chemicaldrugstrength (id, chemicalcompound, strength, drug) VALUES (21, 3, 150, 10);
INSERT INTO chemicaldrugstrength (id, chemicalcompound, strength, drug) VALUES (22, 7, 300, 20);
INSERT INTO chemicaldrugstrength (id, chemicalcompound, strength, drug) VALUES (23, 9, 300, 3);
INSERT INTO chemicaldrugstrength (id, chemicalcompound, strength, drug) VALUES (24, 6, 30, 17);
INSERT INTO chemicaldrugstrength (id, chemicalcompound, strength, drug) VALUES (25, 7, 100, 18);
INSERT INTO chemicaldrugstrength (id, chemicalcompound, strength, drug) VALUES (26, 5, 100, 23);
INSERT INTO chemicaldrugstrength (id, chemicalcompound, strength, drug) VALUES (27, 14, 100, 24);
INSERT INTO chemicaldrugstrength (id, chemicalcompound, strength, drug) VALUES (28, 8, 125, 36738);
INSERT INTO chemicaldrugstrength (id, chemicalcompound, strength, drug) VALUES (29, 5, 125, 36738);
INSERT INTO chemicaldrugstrength (id, chemicalcompound, strength, drug) VALUES (30, 3, 150, 36748);
INSERT INTO chemicaldrugstrength (id, chemicalcompound, strength, drug) VALUES (31, 7, 300, 36748);
INSERT INTO chemicaldrugstrength (id, chemicalcompound, strength, drug) VALUES (32, 14, 200, 36776);
INSERT INTO chemicaldrugstrength (id, chemicalcompound, strength, drug) VALUES (33, 3, 150, 36785);
INSERT INTO chemicaldrugstrength (id, chemicalcompound, strength, drug) VALUES (34, 1, 300, 36785);
INSERT INTO chemicaldrugstrength (id, chemicalcompound, strength, drug) VALUES (35, 7, 300, 36785);
INSERT INTO chemicaldrugstrength (id, chemicalcompound, strength, drug) VALUES (36, 14, 400, 36789);
INSERT INTO chemicaldrugstrength (id, chemicalcompound, strength, drug) VALUES (37, 478344, 480, 36794);
INSERT INTO chemicaldrugstrength (id, chemicalcompound, strength, drug) VALUES (38, 17, 300, 36795);
INSERT INTO chemicaldrugstrength (id, chemicalcompound, strength, drug) VALUES (39, 18, 50, 36800);
INSERT INTO chemicaldrugstrength (id, chemicalcompound, strength, drug) VALUES (40, 1, 600, 603681);
INSERT INTO chemicaldrugstrength (id, chemicalcompound, strength, drug) VALUES (41, 3, 300, 603681);
INSERT INTO chemicaldrugstrength (id, chemicalcompound, strength, drug) VALUES (42, 15, 400, 603682);
INSERT INTO chemicaldrugstrength (id, chemicalcompound, strength, drug) VALUES (43, 10, 200, 603683);

--Pediatric
INSERT INTO chemicaldrugstrength (id, chemicalcompound, strength, drug) VALUES (44, 3, 30, 36764);
INSERT INTO chemicaldrugstrength (id, chemicalcompound, strength, drug) VALUES (45, 6, 6, 36764);
INSERT INTO chemicaldrugstrength (id, chemicalcompound, strength, drug) VALUES (46, 4, 50, 36764);
INSERT INTO chemicaldrugstrength (id, chemicalcompound, strength, drug) VALUES (47, 3, 30, 36768);
INSERT INTO chemicaldrugstrength (id, chemicalcompound, strength, drug) VALUES (48, 6, 6, 36768);
INSERT INTO chemicaldrugstrength (id, chemicalcompound, strength, drug) VALUES (49, 3, 30, 492791); 
INSERT INTO chemicaldrugstrength (id, chemicalcompound, strength, drug) VALUES (50, 7, 60, 492791); 
INSERT INTO chemicaldrugstrength (id, chemicalcompound, strength, drug) VALUES (51, 4, 50, 492791); 
INSERT INTO chemicaldrugstrength (id, chemicalcompound, strength, drug) VALUES (52, 3, 30, 36771);  
INSERT INTO chemicaldrugstrength (id, chemicalcompound, strength, drug) VALUES (53, 7, 60, 36771);
INSERT INTO chemicaldrugstrength (id, chemicalcompound, strength, drug) VALUES (54, 8, 100, 603684);
INSERT INTO chemicaldrugstrength (id, chemicalcompound, strength, drug) VALUES (55, 5, 25, 603684);
INSERT INTO chemicaldrugstrength (id, chemicalcompound, strength, drug) VALUES (56, 8, 80, 36741);
INSERT INTO chemicaldrugstrength (id, chemicalcompound, strength, drug) VALUES (57, 5, 20, 36741);
INSERT INTO chemicaldrugstrength (id, chemicalcompound, strength, drug) VALUES (58, 1, 60, 603685);
INSERT INTO chemicaldrugstrength (id, chemicalcompound, strength, drug) VALUES (59, 3, 30, 603685);
INSERT INTO chemicaldrugstrength (id, chemicalcompound, strength, drug) VALUES (60, 2, 200, 6);
INSERT INTO chemicaldrugstrength (id, chemicalcompound, strength, drug) VALUES (61, 2, 50, 7);
INSERT INTO chemicaldrugstrength (id, chemicalcompound, strength, drug) VALUES (62, 1, 60, 36774);
INSERT INTO chemicaldrugstrength (id, chemicalcompound, strength, drug) VALUES (63, 4, 50, 12);
INSERT INTO chemicaldrugstrength (id, chemicalcompound, strength, drug) VALUES (64, 7, 50, 19);
INSERT INTO chemicaldrugstrength (id, chemicalcompound, strength, drug) VALUES (65, 1, 20, 1);
INSERT INTO chemicaldrugstrength (id, chemicalcompound, strength, drug) VALUES (66, 14, 25, 4);
INSERT INTO chemicaldrugstrength (id, chemicalcompound, strength, drug) VALUES (67, 14, 50, 5);
INSERT INTO chemicaldrugstrength (id, chemicalcompound, strength, drug) VALUES (68, 3, 10, 9);
INSERT INTO chemicaldrugstrength (id, chemicalcompound, strength, drug) VALUES (69, 5, 80, 13);
INSERT INTO chemicaldrugstrength (id, chemicalcompound, strength, drug) VALUES (70, 6, 15, 14);
INSERT INTO chemicaldrugstrength (id, chemicalcompound, strength, drug) VALUES (71, 6, 1, 15);
INSERT INTO chemicaldrugstrength (id, chemicalcompound, strength, drug) VALUES (72, 6, 20, 16);
INSERT INTO chemicaldrugstrength (id, chemicalcompound, strength, drug) VALUES (73, 8, 133.3, 21);
INSERT INTO chemicaldrugstrength (id, chemicalcompound, strength, drug) VALUES (74, 5, 33.3, 21);
INSERT INTO chemicaldrugstrength (id, chemicalcompound, strength, drug) VALUES (75, 8, 80, 22);
INSERT INTO chemicaldrugstrength (id, chemicalcompound, strength, drug) VALUES (76, 5, 20, 22);
INSERT INTO chemicaldrugstrength (id, chemicalcompound, strength, drug) VALUES (77, 4, 240, 36781);
INSERT INTO chemicaldrugstrength (id, chemicalcompound, strength, drug) VALUES (78, 4, 100, 36783);
INSERT INTO chemicaldrugstrength (id, chemicalcompound, strength, drug) VALUES (79, 478344, 240, 478352);


INSERT INTO clinic (id, address1, address2, notes, postalcode, province, telephone, mainclinic, clinicname, city, modified) VALUES (2, '1 Demo Street', '', '', 'Demo City', '', '', true, 'Main Clinic', '', 'T');

INSERT INTO clinicuser (clinicid, userid) VALUES (2, 1);

--Adult drugs
INSERT INTO drug (id, form, dispensinginstructions1, dispensinginstructions2, modified, name, packsize, sidetreatment, defaultamnt, defaulttimes, nsncode, stockcode,adult, drugorder) VALUES (36744, 14, '', '', 'T', '[3TC/AZT/NVP] Lamivudina 150mg/Zidovudina 300mg/Nevirapina 200mg', 60, 'F', 1, 2, '', '',true, 1);
INSERT INTO drug (id, form, dispensinginstructions1, dispensinginstructions2, modified, name, packsize, sidetreatment, defaultamnt, defaulttimes, nsncode, stockcode,adult, drugorder) VALUES (36760, 14, '', '', 'T', '[3TC/TDF/EFV] Lamivudina 300mg/Tenofovir 300mg/Efavirenze 600mg', 30, 'F', 1, 1, '', '',true, 2);
INSERT INTO drug (id, form, dispensinginstructions1, dispensinginstructions2, modified, name, packsize, sidetreatment, defaultamnt, defaulttimes, nsncode, stockcode, adult, drugorder) VALUES (25, 14, '', '', 'T', '[3TC/AZT] Lamivudina 150mg/ Zidovudina 300mg', 60, 'F', 1, 2, '', '',true, 3);
INSERT INTO drug (id, form, dispensinginstructions1, dispensinginstructions2, modified, name, packsize, sidetreatment, defaultamnt, defaulttimes, nsncode, stockcode,adult, drugorder) VALUES (36753, 14, '', '', 'T', '[3TC/D4T/NVP] Lamivudina 150mg/Stavudina 30mg/Nevirapina 200mg', 60, 'F', 1, 2, '', '',true, 4);
INSERT INTO drug (id, form, dispensinginstructions1, dispensinginstructions2, modified, name, packsize, sidetreatment, defaultamnt, defaulttimes, nsncode, stockcode,adult, drugorder) VALUES (36757, 14, '', '', 'T', '[3TC/D4T] Lamivudina 150mg/Stavudina 30mg', 60, 'F', 1, 2, '', '',true, 5);
INSERT INTO drug (id, form, dispensinginstructions1, dispensinginstructions2, modified, name, packsize, sidetreatment, defaultamnt, defaulttimes, nsncode, stockcode,adult, drugorder) VALUES (36778, 14, '', '', 'T', '[3TC/TDF] Lamivudina 300mg/Tenofovir 300mg', 30, 'F', 1, 1, '', '',true, 6);
INSERT INTO drug (id, form, dispensinginstructions1, dispensinginstructions2, modified, name, packsize, sidetreatment, defaultamnt, defaulttimes, nsncode, stockcode, adult, drugorder) VALUES (26, 14, '', '', 'T', '[LPV/RTV] Lopinavir 200mg/Ritonavir 50mg', 120, 'F', 2, 2, '', '',true, 7);
INSERT INTO drug (id, form, dispensinginstructions1, dispensinginstructions2, modified, name, packsize, sidetreatment, defaultamnt, defaulttimes, nsncode, stockcode,adult, drugorder) VALUES (8, 14, '', '', 'T', '[EFV] Efavirenze 600mg', 30, 'F', 1, 1, '', '',true, 8);
INSERT INTO drug (id, form, dispensinginstructions1, dispensinginstructions2, modified, name, packsize, sidetreatment, defaultamnt, defaulttimes, nsncode, stockcode, adult, drugorder) VALUES (2, 14, '', '', 'T', '[ABC] Abacavir 300mg', 60, 'F', 1, 2, '', '',true, 9);
INSERT INTO drug (id, form, dispensinginstructions1, dispensinginstructions2, modified, name, packsize, sidetreatment, defaultamnt, defaulttimes, nsncode, stockcode, adult, drugorder) VALUES (11, 14, '', '', 'T', '[NVP] Nevirapina 200mg', 60, 'F', 1, 2, '', '',true, 10);
INSERT INTO drug (id, form, dispensinginstructions1, dispensinginstructions2, modified, name, packsize, sidetreatment, defaultamnt, defaulttimes, nsncode, stockcode, adult, drugorder) VALUES (10, 14, '', '', 'T', '[3TC] Lamivudina 150mg', 60, 'F', 1, 2, '', '',true, 11);
INSERT INTO drug (id, form, dispensinginstructions1, dispensinginstructions2, modified, name, packsize, sidetreatment, defaultamnt, defaulttimes, nsncode, stockcode, adult, drugorder) VALUES (20, 14, '', '', 'T', '[AZT] Zidovudina 300mg', 60, 'F', 1, 2, '', '',true, 12);
INSERT INTO drug (id, form, dispensinginstructions1, dispensinginstructions2, modified, name, packsize, sidetreatment, defaultamnt, defaulttimes, nsncode, stockcode, adult, drugorder) VALUES (3, 14, '', '', 'T', '[TDF] Tenofovir 300mg', 30, 'F', 1, 1, '', '',true, 13);
INSERT INTO drug (id, form, dispensinginstructions1, dispensinginstructions2, modified, name, packsize, sidetreatment, defaultamnt, defaulttimes, nsncode, stockcode, adult, drugorder) VALUES (17, 17, '', '', 'T', '[D4T] Stavudina 30mg', 60, 'F', 1, 2, '', '',true, 14);
INSERT INTO drug (id, form, dispensinginstructions1, dispensinginstructions2, modified, name, packsize, sidetreatment, defaultamnt, defaulttimes, nsncode, stockcode, adult, drugorder) VALUES (18, 17, '', '', 'T', '[AZT] Zidovudina 100mg', 100, 'F', 0, 2, '', '',true, 15);
INSERT INTO drug (id, form, dispensinginstructions1, dispensinginstructions2, modified, name, packsize, sidetreatment, defaultamnt, defaulttimes, nsncode, stockcode, adult, drugorder) VALUES (23, 17, '', '', 'T', '[RTV] Ritonavir 100mg', 84, 'F', 0, 0, '', '',true, 16);
INSERT INTO drug (id, form, dispensinginstructions1, dispensinginstructions2, modified, name, packsize, sidetreatment, defaultamnt, defaulttimes, nsncode, stockcode, adult, drugorder) VALUES (24, 14, '', '', 'T', '[DDI] Didanosina 100mg', 60, 'F', 4, 1, '', '',true, 17);
INSERT INTO drug (id, form, dispensinginstructions1, dispensinginstructions2, modified, name, packsize, sidetreatment, defaultamnt, defaulttimes, nsncode, stockcode, adult, drugorder) VALUES (36738, 14, '', '', 'T', '[LPV/RT] Aluvia 125mg', 90, 'F', 1.5, 2, '', '',true, 18);
INSERT INTO drug (id, form, dispensinginstructions1, dispensinginstructions2, modified, name, packsize, sidetreatment, defaultamnt, defaulttimes, nsncode, stockcode, adult, drugorder) VALUES (36735, 14, '', '', 'T', 'NULL', 120, 'F', 2, 2, '', '',true, null);
INSERT INTO drug (id, form, dispensinginstructions1, dispensinginstructions2, modified, name, packsize, sidetreatment, defaultamnt, defaulttimes, nsncode, stockcode, adult, drugorder) VALUES (36748, 14, '', '', 'T', '[3TC/AZT] Lamivudina 150mg/ Zidovudina 300mg', 60, 'F', 1, 2, '', '',true, 19);
INSERT INTO drug (id, form, dispensinginstructions1, dispensinginstructions2, modified, name, packsize, sidetreatment, defaultamnt, defaulttimes, nsncode, stockcode, adult, drugorder) VALUES (36776, 14, '', '', 'T', '[DDI] Didanosina 200mg', 60, 'F', 1, 2, '', '',true, 20);
INSERT INTO drug (id, form, dispensinginstructions1, dispensinginstructions2, modified, name, packsize, sidetreatment, defaultamnt, defaulttimes, nsncode, stockcode,adult, drugorder) VALUES (36785, 14, '', '', 'T', '[3TC/ABC/AZT] Lamivudina 150mg/Abacavir 300mg/Zidovudina 300mg', 60, 'F', 1, 2, '', '',true, 21);
INSERT INTO drug (id, form, dispensinginstructions1, dispensinginstructions2, modified, name, packsize, sidetreatment, defaultamnt, defaulttimes, nsncode, stockcode, adult, drugorder) VALUES (36789, 17, '', '', 'T', '[DDI] Didanosina 400mg', 30, 'F', 1, 1, '', '',true, 22);
INSERT INTO drug (id, form, dispensinginstructions1, dispensinginstructions2, modified, name, packsize, sidetreatment, defaultamnt, defaulttimes, nsncode, stockcode, adult, drugorder) VALUES (36794, 14, '', '', 'T', '[CTZ] Cotrimoxazol 480mg', 60, 'T', 2, 1, '', '',true, 23);
INSERT INTO drug (id, form, dispensinginstructions1, dispensinginstructions2, modified, name, packsize, sidetreatment, defaultamnt, defaulttimes, nsncode, stockcode, adult, drugorder) VALUES (36795, 14, '', '', 'T', '[TPI] Isoniazida 300mg', 30, 'T', 1, 1, '', '',true, 24);
INSERT INTO drug (id, form, dispensinginstructions1, dispensinginstructions2, modified, name, packsize, sidetreatment, defaultamnt, defaulttimes, nsncode, stockcode, adult, drugorder) VALUES (36800, 14, '', '', 'T', '[TPD] Dapsona 50mg', 30, 'T', 1, 1, '', '',true, 25);
INSERT INTO drug (id, form, dispensinginstructions1, dispensinginstructions2, modified, name, packsize, sidetreatment, defaultamnt, defaulttimes, nsncode, stockcode, adult, drugorder) VALUES (603681, 14, '', '', 'T', '[ABC/3TC] Abacavir 600mg/ Lamivudina 300mg', 30, 'F', 1, 1, '', '',true, 26);
INSERT INTO drug (id, form, dispensinginstructions1, dispensinginstructions2, modified, name, packsize, sidetreatment, defaultamnt, defaulttimes, nsncode, stockcode, adult, drugorder) VALUES (603682, 14, '', '', 'T', '[IDV] Indinavir 400mg', 180, 'F', 1, 2, '', '',true, 27);
INSERT INTO drug (id, form, dispensinginstructions1, dispensinginstructions2, modified, name, packsize, sidetreatment, defaultamnt, defaulttimes, nsncode, stockcode,adult, drugorder) VALUES (603683, 16, '', '', 'T', '[SQV] Saquinavir 200 mg', 270, 'F', 0, 1, '', '',true, 28);


-- pediatric drugs

INSERT INTO drug (id, form, dispensinginstructions1, dispensinginstructions2, modified, name, packsize, sidetreatment, defaultamnt, defaulttimes, nsncode, stockcode,adult, drugorder) VALUES (36764, 14, '', '', 'T', '[3TC/D4T/NVP] Lamivudina 30mg/Stavudina 6mg/Nevirapina 50mg', 60, 'F', 2, 2, '', '',false, 29);
INSERT INTO drug (id, form, dispensinginstructions1, dispensinginstructions2, modified, name, packsize, sidetreatment, defaultamnt, defaulttimes, nsncode, stockcode,adult, drugorder) VALUES (36768, 14, '', '', 'T', '[3TC/D4T] Lamivudina 30mg/Stavudina 6mg', 60, 'F', 1, 1, '', '',false, 30);
INSERT INTO drug (id, form, dispensinginstructions1, dispensinginstructions2, modified, name, packsize, sidetreatment, defaultamnt, defaulttimes, nsncode, stockcode,adult, drugorder) VALUES (492791, 14, '', '', 'T', '[3TC/AZT/NVP] Lamivudina 30mg/Zidovudina 60mg/Nevirapina 50mg', 60, 'F', 1.5, 1, '', '',false, 31);
INSERT INTO drug (id, form, dispensinginstructions1, dispensinginstructions2, modified, name, packsize, sidetreatment, defaultamnt, defaulttimes, nsncode, stockcode,adult, drugorder) VALUES (36771, 14, '', '', 'T', '[3TC/AZT] Lamivudina 30mg/ Zidovudina 60mg', 60, 'F', 1, 2, '', '',false, 32);
INSERT INTO drug (id, form, dispensinginstructions1, dispensinginstructions2, modified, name, packsize, sidetreatment, defaultamnt, defaulttimes, nsncode, stockcode,adult, drugorder) VALUES (603684, 14, '', '', 'T', '[LPV/RTV] Lopinavir 100mg/Ritonavir 25mg', 60, 'F', 0, 1, '', '',false, 33);
INSERT INTO drug (id, form, dispensinginstructions1, dispensinginstructions2, modified, name, packsize, sidetreatment, defaultamnt, defaulttimes, nsncode, stockcode,adult, drugorder) VALUES (36741, 16, '', '', 'T', '[LPV/RTV] Lopinavir 80ml/Ritonavir 20 ml', 100, 'F', 2, 2, '', '',false, 34);
INSERT INTO drug (id, form, dispensinginstructions1, dispensinginstructions2, modified, name, packsize, sidetreatment, defaultamnt, defaulttimes, nsncode, stockcode,adult, drugorder) VALUES (603685, 14, '', '', 'T', '[ABC/3TC] Abacavir 60mg/ Lamivudina 30mg', 60, 'F', 0, 1, '', '',false, 35);
INSERT INTO drug (id, form, dispensinginstructions1, dispensinginstructions2, modified, name, packsize, sidetreatment, defaultamnt, defaulttimes, nsncode, stockcode,adult, drugorder) VALUES (6, 17, '', '', 'T', '[EFV] Efavirenze 200mg', 90, 'F', 0, 1, '', '',false, 36);
INSERT INTO drug (id, form, dispensinginstructions1, dispensinginstructions2, modified, name, packsize, sidetreatment, defaultamnt, defaulttimes, nsncode, stockcode,adult, drugorder) VALUES (7, 17, '', '', 'T', '[EFV] Efavirenze 50mg', 30, 'F', 0, 1, '', '',false, 37);
INSERT INTO drug (id, form, dispensinginstructions1, dispensinginstructions2, modified, name, packsize, sidetreatment, defaultamnt, defaulttimes, nsncode, stockcode,adult, drugorder) VALUES (36774, 14, '', '', 'T', '[ABC] Abacavir 60mg', 60, 'F', 0, 1, '', '',false, 38);
INSERT INTO drug (id, form, dispensinginstructions1, dispensinginstructions2, modified, name, packsize, sidetreatment, defaultamnt, defaulttimes, nsncode, stockcode,adult, drugorder) VALUES (12, 16, '', '', 'T', '[NVP] Nevirapina 50mg/5ml',240, 'F', 0, 2, '', '',false, 39);
INSERT INTO drug (id, form, dispensinginstructions1, dispensinginstructions2, modified, name, packsize, sidetreatment, defaultamnt, defaulttimes, nsncode, stockcode,adult, drugorder) VALUES (19, 16, '', '', 'T', '[AZT] Zidovudina 50mg/5ml', 200, 'F', 0, 2, '', '',false, 40);
INSERT INTO drug (id, form, dispensinginstructions1, dispensinginstructions2, modified, name, packsize, sidetreatment, defaultamnt, defaulttimes, nsncode, stockcode,adult, drugorder) VALUES (1, 16, '', '', 'T', '[ABC] Abacavir 20mg/ml', 240, 'F', 0, 2, '', '',false, 41);
INSERT INTO drug (id, form, dispensinginstructions1, dispensinginstructions2, modified, name, packsize, sidetreatment, defaultamnt, defaulttimes, nsncode, stockcode, adult, drugorder) VALUES (4, 14, '', '', 'T', '[DDI] Didanosina 25mg', 60, 'F', 0, 2, '', '',false, 42);
INSERT INTO drug (id, form, dispensinginstructions1, dispensinginstructions2, modified, name, packsize, sidetreatment, defaultamnt, defaulttimes, nsncode, stockcode, adult, drugorder) VALUES (5, 14, '', '', 'T', '[DDI] Didanosina 50mg', 60, 'F', 0, 2, '', '',false, 43);
INSERT INTO drug (id, form, dispensinginstructions1, dispensinginstructions2, modified, name, packsize, sidetreatment, defaultamnt, defaulttimes, nsncode, stockcode,adult, drugorder) VALUES (9, 16, '', '', 'T', '[3TC] Lamivudina 10mg/ml', 240, 'F', 0, 2, '', '',false, 44);
INSERT INTO drug (id, form, dispensinginstructions1, dispensinginstructions2, modified, name, packsize, sidetreatment, defaultamnt, defaulttimes, nsncode, stockcode, adult, drugorder) VALUES (13, 16, '', '', 'T', '[RTV] Ritonavir 80mg/ml', 90, 'F', 0, 2, '', '',false, 45);
INSERT INTO drug (id, form, dispensinginstructions1, dispensinginstructions2, modified, name, packsize, sidetreatment, defaultamnt, defaulttimes, nsncode, stockcode, adult, drugorder) VALUES (14, 17, '', '', 'T', '[D4T] Stavudine 15mg', 60, 'F', 0, 2, '', '',false, 46);
INSERT INTO drug (id, form, dispensinginstructions1, dispensinginstructions2, modified, name, packsize, sidetreatment, defaultamnt, defaulttimes, nsncode, stockcode, adult, drugorder) VALUES (15, 16, '', '', 'T', '[D4T] Stavudine 1mg/ml', 200, 'F', 0, 2, '', '',false, 47);
INSERT INTO drug (id, form, dispensinginstructions1, dispensinginstructions2, modified, name, packsize, sidetreatment, defaultamnt, defaulttimes, nsncode, stockcode, adult, drugorder) VALUES (16, 17, '', '', 'T', '[D4T] Stavudine 20mg', 60, 'F', 1, 2, '', '',false, 48);
INSERT INTO drug (id, form, dispensinginstructions1, dispensinginstructions2, modified, name, packsize, sidetreatment, defaultamnt, defaulttimes, nsncode, stockcode, adult, drugorder) VALUES (21, 17, '', '', 'T', '[LPV/RTV] Kaletra 133.3/33.3 mg', 180, 'F', 3, 2, '', '',false, 49);
INSERT INTO drug (id, form, dispensinginstructions1, dispensinginstructions2, modified, name, packsize, sidetreatment, defaultamnt, defaulttimes, nsncode, stockcode, adult, drugorder) VALUES (22, 16, '', '', 'T', '[LPV/RTV] Kaletra 80/20 Syrup mg/ml', 60, 'F', 2, 2, '', '',false, 50);
INSERT INTO drug (id, form, dispensinginstructions1, dispensinginstructions2, modified, name, packsize, sidetreatment, defaultamnt, defaulttimes, nsncode, stockcode, adult, drugorder) VALUES (36781, 16, '', '', 'T', '[NVP] Nevirapina 240ml', 100, 'F', 2, 2, '', '',false, 51);
INSERT INTO drug (id, form, dispensinginstructions1, dispensinginstructions2, modified, name, packsize, sidetreatment, defaultamnt, defaulttimes, nsncode, stockcode,adult, drugorder) VALUES (36783, 16, '', '', 'T', '[NVP] Nevirapina 100ml', 100, 'F', 2.5, 1, '', '',false, 52);
INSERT INTO drug (id, form, dispensinginstructions1, dispensinginstructions2, modified, name, packsize, sidetreatment, defaultamnt, defaulttimes, nsncode, stockcode, adult, drugorder) VALUES (478352, 16, '', '', 'T', '[CTZ] Cotrimoxazol 240mg/5ml', 60, 'F', 5, 2, '', '',false, 53);

INSERT INTO form (id, form, actionlanguage1, actionlanguage2, actionlanguage3, formlanguage1, formlanguage2, formlanguage3, dispinstructions1, dispinstructions2) VALUES (1, 'Lozenges', 'Suck', 'Munca', 'Suig', 'lozenge(s)', '', '', '', NULL);
INSERT INTO form (id, form, actionlanguage1, actionlanguage2, actionlanguage3, formlanguage1, formlanguage2, formlanguage3, dispinstructions1, dispinstructions2) VALUES (2, 'Cream', 'Apply', 'Qaba', 'Wend aan', '', '', '', '', NULL);
INSERT INTO form (id, form, actionlanguage1, actionlanguage2, actionlanguage3, formlanguage1, formlanguage2, formlanguage3, dispinstructions1, dispinstructions2) VALUES (3, 'Ointment', 'Apply', 'Qaba', 'Wend aan', '', '', '', '', NULL);
INSERT INTO form (id, form, actionlanguage1, actionlanguage2, actionlanguage3, formlanguage1, formlanguage2, formlanguage3, dispinstructions1, dispinstructions2) VALUES (4, 'Gel', 'Apply', 'Qaba', 'Wend aan', '', '', '', '', NULL);
INSERT INTO form (id, form, actionlanguage1, actionlanguage2, actionlanguage3, formlanguage1, formlanguage2, formlanguage3, dispinstructions1, dispinstructions2) VALUES (5, 'Oral Gel', 'Apply', 'Qaba', 'Wend aan', '', '', '', 'to the mouth / emlonyeni', NULL);
INSERT INTO form (id, form, actionlanguage1, actionlanguage2, actionlanguage3, formlanguage1, formlanguage2, formlanguage3, dispinstructions1, dispinstructions2) VALUES (6, 'Lotion', 'Apply', 'Qaba', 'Wend aan', '', '', '', '', NULL);
INSERT INTO form (id, form, actionlanguage1, actionlanguage2, actionlanguage3, formlanguage1, formlanguage2, formlanguage3, dispinstructions1, dispinstructions2) VALUES (7, 'Vaginal Cream', 'Insert', 'Faka', 'Steek in', '', '', '', 'Vaginal Cream / Isithambiso sangaphantsi', NULL);
INSERT INTO form (id, form, actionlanguage1, actionlanguage2, actionlanguage3, formlanguage1, formlanguage2, formlanguage3, dispinstructions1, dispinstructions2) VALUES (8, 'Eye Ointment', 'Apply', 'Qaba', 'Wend aan', '', '', '', 'to __ eye(s)', NULL);
INSERT INTO form (id, form, actionlanguage1, actionlanguage2, actionlanguage3, formlanguage1, formlanguage2, formlanguage3, dispinstructions1, dispinstructions2) VALUES (9, 'Suppository', 'Insert', 'Faka', 'Steek in', 'suppository', '', '', '', NULL);
INSERT INTO form (id, form, actionlanguage1, actionlanguage2, actionlanguage3, formlanguage1, formlanguage2, formlanguage3, dispinstructions1, dispinstructions2) VALUES (10, 'Nose drops', 'Instill', 'Galela', 'Gebruik', 'drops', 'amathontsi', 'druppel(s)', 'in each nostril', NULL);
INSERT INTO form (id, form, actionlanguage1, actionlanguage2, actionlanguage3, formlanguage1, formlanguage2, formlanguage3, dispinstructions1, dispinstructions2) VALUES (11, 'Eye drops', 'Instill', 'Galela', 'Gebruik', 'drops', 'amathontsi', 'druppel(s)', 'in __ eye(s)', NULL);
INSERT INTO form (id, form, actionlanguage1, actionlanguage2, actionlanguage3, formlanguage1, formlanguage2, formlanguage3, dispinstructions1, dispinstructions2) VALUES (12, 'Ear drops', 'Instill', 'Galela', 'Gebruik', 'drops', 'amathontsi', 'druppel(s)', 'in __ ear(s)', NULL);
INSERT INTO form (id, form, actionlanguage1, actionlanguage2, actionlanguage3, formlanguage1, formlanguage2, formlanguage3, dispinstructions1, dispinstructions2) VALUES (13, 'Soap', 'Wash with soap', 'Hlamba nge sepa', 'Was met seep', '', '', '', '', NULL);
INSERT INTO form (id, form, actionlanguage1, actionlanguage2, actionlanguage3, formlanguage1, formlanguage2, formlanguage3, dispinstructions1, dispinstructions2) VALUES (14, 'Tablets', 'Take', 'Sela', 'Neem', 'tablets', 'ipilisi', 'pille', '', NULL);
INSERT INTO form (id, form, actionlanguage1, actionlanguage2, actionlanguage3, formlanguage1, formlanguage2, formlanguage3, dispinstructions1, dispinstructions2) VALUES (15, 'Suspension', 'Take', 'Sela', 'Neem', 'ml', 'ml', 'ml', '', NULL);
INSERT INTO form (id, form, actionlanguage1, actionlanguage2, actionlanguage3, formlanguage1, formlanguage2, formlanguage3, dispinstructions1, dispinstructions2) VALUES (16, 'Syrup', 'Take', 'Sela', 'Neem', 'ml', 'ml', 'ml', '', NULL);
INSERT INTO form (id, form, actionlanguage1, actionlanguage2, actionlanguage3, formlanguage1, formlanguage2, formlanguage3, dispinstructions1, dispinstructions2) VALUES (17, 'Capsules', 'Take', 'Sela', 'Neem', 'capsules', 'ipilisi', 'pille', '', NULL);

INSERT INTO patientstattypes (id, statname, statformat) VALUES (1, 'CD4 Count', 'N');
INSERT INTO patientstattypes (id, statname, statformat) VALUES (2, 'Viral Load', 'N');
INSERT INTO patientstattypes (id, statname, statformat) VALUES (3, 'CD4 Percentage', 'N');
INSERT INTO patientstattypes (id, statname, statformat) VALUES (4, 'ALT', 'C');

INSERT INTO patientvisitreason (id, reasonforvisit) VALUES (5, 'Scheduled Visit');
INSERT INTO patientvisitreason (id, reasonforvisit) VALUES (6, 'Not Feeling Well');
INSERT INTO patientvisitreason (id, reasonforvisit) VALUES (7, 'Counselling');
INSERT INTO patientvisitreason (id, reasonforvisit) VALUES (8, 'Advice');
INSERT INTO patientvisitreason (id, reasonforvisit) VALUES (9, 'Other');


INSERT INTO simpledomain (id, description, name, value) VALUES (1, '', 'reason_for_update', 'Novo');
INSERT INTO simpledomain (id, description, name, value) VALUES (2, '', 'reason_for_update', 'Manutenção');
INSERT INTO simpledomain (id, description, name, value) VALUES (3, '', 'reason_for_update', 'Alteração');
INSERT INTO simpledomain (id, description, name, value) VALUES (4, '', 'reason_for_update', 'Transferido');
INSERT INTO simpledomain (id, description, name, value) VALUES (5, '', 'reason_for_update', 'Reinício');
INSERT INTO simpledomain (id, description, name, value) VALUES (30, '', 'prescriptionDuration', '1 week');
INSERT INTO simpledomain (id, description, name, value) VALUES (31, '', 'prescriptionDuration', '2 weeks');
INSERT INTO simpledomain (id, description, name, value) VALUES (32, '', 'prescriptionDuration', '1 month');
INSERT INTO simpledomain (id, description, name, value) VALUES (33, '', 'prescriptionDuration', '2 months');
INSERT INTO simpledomain (id, description, name, value) VALUES (34, '', 'prescriptionDuration', '3 months');
INSERT INTO simpledomain (id, description, name, value) VALUES (35, '', 'prescriptionDuration', '4 months');
INSERT INTO simpledomain (id, description, name, value) VALUES (36, '', 'prescriptionDuration', '5 months');
INSERT INTO simpledomain (id, description, name, value) VALUES (37, '', 'prescriptionDuration', '6 months');
INSERT INTO simpledomain (id, description, name, value) VALUES (38, '', 'prescriptionDuration', '7 months');

--Adult
INSERT INTO regimeterapeutico (regimeid, linhaid, regimeesquema, adult, active) VALUES(1,1,'AZT+3TC+NVP',true ,true );
INSERT INTO regimeterapeutico (regimeid, linhaid, regimeesquema, adult, active) VALUES(2,1,'TDF+3TC+EFV',true ,true );
INSERT INTO regimeterapeutico (regimeid, linhaid, regimeesquema, adult, active) VALUES(3,1,'AZT+3TC+EFV',true ,true );
INSERT INTO regimeterapeutico (regimeid, linhaid, regimeesquema, adult, active) VALUES(4,1,'d4T30+3TC+NVP',true ,true );
INSERT INTO regimeterapeutico (regimeid, linhaid, regimeesquema, adult, active) VALUES(5,1,'d4T30+3TC+EFV',true ,true );
INSERT INTO regimeterapeutico (regimeid, linhaid, regimeesquema, adult, active) VALUES(6,1,'AZT+3TC+LPV/r',true ,true );
INSERT INTO regimeterapeutico (regimeid, linhaid, regimeesquema, adult, active) VALUES(7,1,'TDF+3TC+LPV/r',true ,true );
INSERT INTO regimeterapeutico (regimeid, linhaid, regimeesquema, adult, active) VALUES(8,1,'ABC+3TC+LPV/r',true ,true );
INSERT INTO regimeterapeutico (regimeid, linhaid, regimeesquema, adult, active) VALUES(9,1,'TDF+3TC+NVP',true ,true );
INSERT INTO regimeterapeutico (regimeid, linhaid, regimeesquema, adult, active) VALUES(10,1,'ABC+3TC+EFV',true ,true );
INSERT INTO regimeterapeutico (regimeid, linhaid, regimeesquema, adult, active) VALUES(11,1,'TDF+3TC+ATV/r ',true ,true );
INSERT INTO regimeterapeutico (regimeid, linhaid, regimeesquema, adult, active) VALUES(12,1,'ABC+3TC+ATV/r',true ,true );
INSERT INTO regimeterapeutico (regimeid, linhaid, regimeesquema, adult, active) VALUES(13,1,'TDF+3TC+ LPV/r + RTV',true ,true );
INSERT INTO regimeterapeutico (regimeid, linhaid, regimeesquema, adult, active) VALUES(14,1,'AZT+3TC+LPV/r + RTV',true ,true );
INSERT INTO regimeterapeutico (regimeid, linhaid, regimeesquema, adult, active) VALUES(15,1,'ABC+3TC+LPV/r + RTV',true ,true );
INSERT INTO regimeterapeutico (regimeid, linhaid, regimeesquema, adult, active) VALUES(16,1,'TDF+3TC+RAL+DRV+RTV',true ,true );
INSERT INTO regimeterapeutico (regimeid, linhaid, regimeesquema, adult, active) VALUES(17,1,'AZT+3TC+RAL+DRV+RTV',true ,true );
-- Pediatric
INSERT INTO regimeterapeutico (regimeid, linhaid, regimeesquema, adult, active) VALUES(18,1,'d4T+3TC+NVP',false,true );
INSERT INTO regimeterapeutico (regimeid, linhaid, regimeesquema, adult, active) VALUES(19,1,'d4T+3TC+LPV/r',false,true );
INSERT INTO regimeterapeutico (regimeid, linhaid, regimeesquema, adult, active) VALUES(20,1,'d4T+3TC+ABC',false,true );
INSERT INTO regimeterapeutico (regimeid, linhaid, regimeesquema, adult, active) VALUES(21,1,'d4T+3TC+EFV',false,true );
INSERT INTO regimeterapeutico (regimeid, linhaid, regimeesquema, adult, active) VALUES(22,1,'AZT60+3TC+NVP',false,true );
INSERT INTO regimeterapeutico (regimeid, linhaid, regimeesquema, adult, active) VALUES(23,1,'AZT 60+3TC+EFV',false,true );
INSERT INTO regimeterapeutico (regimeid, linhaid, regimeesquema, adult, active) VALUES(24,1,'AZT 60+3TC+ABC',false,true );
INSERT INTO regimeterapeutico (regimeid, linhaid, regimeesquema, adult, active) VALUES(25,1,'AZT 60+3TC+LPV/r',false,true );
INSERT INTO regimeterapeutico (regimeid, linhaid, regimeesquema, adult, active) VALUES(26,1,'ABC 60+3TC + LPV/r',false,true );
INSERT INTO regimeterapeutico (regimeid, linhaid, regimeesquema, adult, active) VALUES(27,1,'ABC 60+3TC + EFV',false,true );
INSERT INTO regimeterapeutico (regimeid, linhaid, regimeesquema, adult, active) VALUES(28,1,'ABC 60+3TC + NVP',false,true );
INSERT INTO regimeterapeutico (regimeid, linhaid, regimeesquema, adult, active) VALUES(29,1,'TDF+ 3TC+ EFV',false,true );
INSERT INTO regimeterapeutico (regimeid, linhaid, regimeesquema, adult, active) VALUES(30,1,'TDF+ 3TC+ NVP',false,true );
INSERT INTO regimeterapeutico (regimeid, linhaid, regimeesquema, adult, active) VALUES(31,1,'TDF+ 3TC+ LPV/r',false,true );


--Adult 
INSERT INTO regimeterapeuticodrugs(id, regimeid, chemicalid) VALUES (1, 1, 7);
INSERT INTO regimeterapeuticodrugs(id, regimeid, chemicalid) VALUES (2, 1, 3);
INSERT INTO regimeterapeuticodrugs(id, regimeid, chemicalid) VALUES (3, 1, 4);
INSERT INTO regimeterapeuticodrugs(id, regimeid, chemicalid) VALUES (4, 2, 9);
INSERT INTO regimeterapeuticodrugs(id, regimeid, chemicalid) VALUES (5, 2, 3);
INSERT INTO regimeterapeuticodrugs(id, regimeid, chemicalid) VALUES (6, 2, 2);
INSERT INTO regimeterapeuticodrugs(id, regimeid, chemicalid) VALUES (7, 3, 7);
INSERT INTO regimeterapeuticodrugs(id, regimeid, chemicalid) VALUES (8, 3, 3);
INSERT INTO regimeterapeuticodrugs(id, regimeid, chemicalid) VALUES (9, 3, 2);
INSERT INTO regimeterapeuticodrugs(id, regimeid, chemicalid) VALUES (10, 4, 6);
INSERT INTO regimeterapeuticodrugs(id, regimeid, chemicalid) VALUES (11, 4, 3);
INSERT INTO regimeterapeuticodrugs(id, regimeid, chemicalid) VALUES (12, 4, 4);
INSERT INTO regimeterapeuticodrugs(id, regimeid, chemicalid) VALUES (13, 5, 6);
INSERT INTO regimeterapeuticodrugs(id, regimeid, chemicalid) VALUES (14, 5, 3);
INSERT INTO regimeterapeuticodrugs(id, regimeid, chemicalid) VALUES (15, 5, 2);
INSERT INTO regimeterapeuticodrugs(id, regimeid, chemicalid) VALUES (16, 6, 7);
INSERT INTO regimeterapeuticodrugs(id, regimeid, chemicalid) VALUES (17, 6, 3);
INSERT INTO regimeterapeuticodrugs(id, regimeid, chemicalid) VALUES (18, 6, 8);
INSERT INTO regimeterapeuticodrugs(id, regimeid, chemicalid) VALUES (19, 7, 9);
INSERT INTO regimeterapeuticodrugs(id, regimeid, chemicalid) VALUES (20, 7, 3);
INSERT INTO regimeterapeuticodrugs(id, regimeid, chemicalid) VALUES (21, 7, 5);
INSERT INTO regimeterapeuticodrugs(id, regimeid, chemicalid) VALUES (22, 8, 1);
INSERT INTO regimeterapeuticodrugs(id, regimeid, chemicalid) VALUES (23, 8, 3);
INSERT INTO regimeterapeuticodrugs(id, regimeid, chemicalid) VALUES (24, 8, 5);
INSERT INTO regimeterapeuticodrugs(id, regimeid, chemicalid) VALUES (25, 9, 9);
INSERT INTO regimeterapeuticodrugs(id, regimeid, chemicalid) VALUES (26, 9, 3);
INSERT INTO regimeterapeuticodrugs(id, regimeid, chemicalid) VALUES (27, 9, 4);
INSERT INTO regimeterapeuticodrugs(id, regimeid, chemicalid) VALUES (28, 10, 1);
INSERT INTO regimeterapeuticodrugs(id, regimeid, chemicalid) VALUES (29, 10, 3);
INSERT INTO regimeterapeuticodrugs(id, regimeid, chemicalid) VALUES (30, 10, 2);
INSERT INTO regimeterapeuticodrugs(id, regimeid, chemicalid) VALUES (31, 11, 9);
INSERT INTO regimeterapeuticodrugs(id, regimeid, chemicalid) VALUES (32, 11, 3);
INSERT INTO regimeterapeuticodrugs(id, regimeid, chemicalid) VALUES (33, 11, 11);
INSERT INTO regimeterapeuticodrugs(id, regimeid, chemicalid) VALUES (34, 12, 1);
INSERT INTO regimeterapeuticodrugs(id, regimeid, chemicalid) VALUES (35, 12, 3);
INSERT INTO regimeterapeuticodrugs(id, regimeid, chemicalid) VALUES (36, 12, 11);
INSERT INTO regimeterapeuticodrugs(id, regimeid, chemicalid) VALUES (37, 13, 9);
INSERT INTO regimeterapeuticodrugs(id, regimeid, chemicalid) VALUES (38, 13, 3);
INSERT INTO regimeterapeuticodrugs(id, regimeid, chemicalid) VALUES (39, 13, 8);
INSERT INTO regimeterapeuticodrugs(id, regimeid, chemicalid) VALUES (40, 13, 5);
INSERT INTO regimeterapeuticodrugs(id, regimeid, chemicalid) VALUES (41, 14, 7);
INSERT INTO regimeterapeuticodrugs(id, regimeid, chemicalid) VALUES (42, 14, 3);
INSERT INTO regimeterapeuticodrugs(id, regimeid, chemicalid) VALUES (43, 14, 8);
INSERT INTO regimeterapeuticodrugs(id, regimeid, chemicalid) VALUES (44, 14, 5);
INSERT INTO regimeterapeuticodrugs(id, regimeid, chemicalid) VALUES (45, 15, 1);
INSERT INTO regimeterapeuticodrugs(id, regimeid, chemicalid) VALUES (46, 15, 3);
INSERT INTO regimeterapeuticodrugs(id, regimeid, chemicalid) VALUES (47, 15, 8);
INSERT INTO regimeterapeuticodrugs(id, regimeid, chemicalid) VALUES (48, 15, 5);
INSERT INTO regimeterapeuticodrugs(id, regimeid, chemicalid) VALUES (49, 16, 9);
INSERT INTO regimeterapeuticodrugs(id, regimeid, chemicalid) VALUES (50, 16, 3);
INSERT INTO regimeterapeuticodrugs(id, regimeid, chemicalid) VALUES (51, 16, 138);
INSERT INTO regimeterapeuticodrugs(id, regimeid, chemicalid) VALUES (52, 16, 13);
INSERT INTO regimeterapeuticodrugs(id, regimeid, chemicalid) VALUES (53, 16, 5);
INSERT INTO regimeterapeuticodrugs(id, regimeid, chemicalid) VALUES (54, 17, 7);
INSERT INTO regimeterapeuticodrugs(id, regimeid, chemicalid) VALUES (55, 17, 3);
INSERT INTO regimeterapeuticodrugs(id, regimeid, chemicalid) VALUES (56, 17, 138);
INSERT INTO regimeterapeuticodrugs(id, regimeid, chemicalid) VALUES (57, 17, 13);
INSERT INTO regimeterapeuticodrugs(id, regimeid, chemicalid) VALUES (58, 17, 5);

--Pediatric
INSERT INTO regimeterapeuticodrugs(id, regimeid, chemicalid) VALUES (59, 18, 6);
INSERT INTO regimeterapeuticodrugs(id, regimeid, chemicalid) VALUES (60, 18, 3);
INSERT INTO regimeterapeuticodrugs(id, regimeid, chemicalid) VALUES (61, 18, 4);
INSERT INTO regimeterapeuticodrugs(id, regimeid, chemicalid) VALUES (62, 19, 6);
INSERT INTO regimeterapeuticodrugs(id, regimeid, chemicalid) VALUES (63, 19, 3);
INSERT INTO regimeterapeuticodrugs(id, regimeid, chemicalid) VALUES (64, 19, 8);
INSERT INTO regimeterapeuticodrugs(id, regimeid, chemicalid) VALUES (65, 20, 6);
INSERT INTO regimeterapeuticodrugs(id, regimeid, chemicalid) VALUES (66, 20, 3);
INSERT INTO regimeterapeuticodrugs(id, regimeid, chemicalid) VALUES (67, 20, 1 );
INSERT INTO regimeterapeuticodrugs(id, regimeid, chemicalid) VALUES (68, 21, 6);
INSERT INTO regimeterapeuticodrugs(id, regimeid, chemicalid) VALUES (69, 21, 3);
INSERT INTO regimeterapeuticodrugs(id, regimeid, chemicalid) VALUES (70, 21, 2);
INSERT INTO regimeterapeuticodrugs(id, regimeid, chemicalid) VALUES (71, 22, 7);
INSERT INTO regimeterapeuticodrugs(id, regimeid, chemicalid) VALUES (72, 22, 3);
INSERT INTO regimeterapeuticodrugs(id, regimeid, chemicalid) VALUES (73, 22, 4);
INSERT INTO regimeterapeuticodrugs(id, regimeid, chemicalid) VALUES (74, 23, 7);
INSERT INTO regimeterapeuticodrugs(id, regimeid, chemicalid) VALUES (75, 23, 3);
INSERT INTO regimeterapeuticodrugs(id, regimeid, chemicalid) VALUES (76, 23, 2);
INSERT INTO regimeterapeuticodrugs(id, regimeid, chemicalid) VALUES (77, 24, 7);
INSERT INTO regimeterapeuticodrugs(id, regimeid, chemicalid) VALUES (78, 24, 3);
INSERT INTO regimeterapeuticodrugs(id, regimeid, chemicalid) VALUES (79, 24, 1);
INSERT INTO regimeterapeuticodrugs(id, regimeid, chemicalid) VALUES (80, 25, 7);
INSERT INTO regimeterapeuticodrugs(id, regimeid, chemicalid) VALUES (81, 25, 3);
INSERT INTO regimeterapeuticodrugs(id, regimeid, chemicalid) VALUES (82, 25, 8);
INSERT INTO regimeterapeuticodrugs(id, regimeid, chemicalid) VALUES (83, 26, 1);
INSERT INTO regimeterapeuticodrugs(id, regimeid, chemicalid) VALUES (84, 26, 3);
INSERT INTO regimeterapeuticodrugs(id, regimeid, chemicalid) VALUES (85, 26, 8);
INSERT INTO regimeterapeuticodrugs(id, regimeid, chemicalid) VALUES (86, 27, 1);
INSERT INTO regimeterapeuticodrugs(id, regimeid, chemicalid) VALUES (87, 27, 3);
INSERT INTO regimeterapeuticodrugs(id, regimeid, chemicalid) VALUES (88, 27, 2);
INSERT INTO regimeterapeuticodrugs(id, regimeid, chemicalid) VALUES (89, 28, 1);
INSERT INTO regimeterapeuticodrugs(id, regimeid, chemicalid) VALUES (90, 28, 3);
INSERT INTO regimeterapeuticodrugs(id, regimeid, chemicalid) VALUES (91, 28, 4);
INSERT INTO regimeterapeuticodrugs(id, regimeid, chemicalid) VALUES (92, 29, 9);
INSERT INTO regimeterapeuticodrugs(id, regimeid, chemicalid) VALUES (93, 29, 3);
INSERT INTO regimeterapeuticodrugs(id, regimeid, chemicalid) VALUES (94, 29, 2);
INSERT INTO regimeterapeuticodrugs(id, regimeid, chemicalid) VALUES (95, 30, 9);
INSERT INTO regimeterapeuticodrugs(id, regimeid, chemicalid) VALUES (96, 30, 3);
INSERT INTO regimeterapeuticodrugs(id, regimeid, chemicalid) VALUES (97, 30, 4);
INSERT INTO regimeterapeuticodrugs(id, regimeid, chemicalid) VALUES (98, 31, 9);
INSERT INTO regimeterapeuticodrugs(id, regimeid, chemicalid) VALUES (99, 31, 3);
INSERT INTO regimeterapeuticodrugs(id, regimeid, chemicalid) VALUES (100, 31,8);




insert into sector (sectorid,sectorname) values (1,'TB');
insert into sector (sectorid,sectorname) values (2,'SMI/PTV');
insert into sector (sectorid,sectorname) values (3,'SAAJ');
insert into sector (sectorid,sectorname) values (4,'FARMÁCIA');
insert into sector (sectorid,sectorname) values (5,'PPE');

INSERT INTO stockcenter (id, stockcentername, preferred) VALUES (1, 'Main', true);

INSERT INTO users (id, modified, cl_password, role, cl_username) VALUES (1, 'T', '123', 'Pharmacy', 'admin');

insert into linhat (linhaid,linhanome,active) values (1,'Primeira',true);
insert into linhat (linhaid,linhanome,active) values (2,'Segunda',true);
insert into linhat (linhaid,linhanome,active) values (3,'Terceira',true);

INSERT INTO parameter values (1,'AMC','20');