INSERT INTO attributetype (id, datatype, description, name) VALUES (1, 'java.util.Date', 'Date for First ARV package dispensing.', 'ARV Start Date');

INSERT INTO chemicalcompound (id, name, acronym) VALUES (1, 'Abacavir', 'ABC');
INSERT INTO chemicalcompound (id, name, acronym) VALUES (2, 'Efavirenze', 'EFV');
INSERT INTO chemicalcompound (id, name, acronym) VALUES (3, 'Lamivudina', '3TC');
INSERT INTO chemicalcompound (id, name, acronym) VALUES (4, 'Nevirapina', 'NVP');
INSERT INTO chemicalcompound (id, name, acronym) VALUES (5, 'Ritonavir', 'RTV');
INSERT INTO chemicalcompound (id, name, acronym) VALUES (6, 'Stavudina', 'D4T');
INSERT INTO chemicalcompound (id, name, acronym) VALUES (7, 'Zidovudina', 'AZT');
INSERT INTO chemicalcompound (id, name, acronym) VALUES (8, 'Lopinavir', 'LPV');
INSERT INTO chemicalcompound (id, name, acronym) VALUES (9, 'Tenofovir ', 'TDF');
INSERT INTO chemicalcompound (id, name, acronym) VALUES (10, 'Saquinavir', 'SQV');
INSERT INTO chemicalcompound (id, name, acronym) VALUES (11, 'Atazanavir', 'ATV');
INSERT INTO chemicalcompound (id, name, acronym) VALUES (12, 'Raltegravir', 'RAL');
INSERT INTO chemicalcompound (id, name, acronym) VALUES (13, 'Darunavir', 'DRV');

INSERT INTO chemicaldrugstrength (id, chemicalcompound, strength, drug) VALUES (1, 1, 300, 1);
INSERT INTO chemicaldrugstrength (id, chemicalcompound, strength, drug) VALUES (2, 2, 200, 2);
INSERT INTO chemicaldrugstrength (id, chemicalcompound, strength, drug) VALUES (3, 9, 300, 3);
INSERT INTO chemicaldrugstrength (id, chemicalcompound, strength, drug) VALUES (4, 2, 600, 4);
INSERT INTO chemicaldrugstrength (id, chemicalcompound, strength, drug) VALUES (5, 3, 150, 5);
INSERT INTO chemicaldrugstrength (id, chemicalcompound, strength, drug) VALUES (6, 4, 200, 6);
INSERT INTO chemicaldrugstrength (id, chemicalcompound, strength, drug) VALUES (7, 4, 10, 7);-- 50 mg/5 ml = 10mg/ml
INSERT INTO chemicaldrugstrength (id, chemicalcompound, strength, drug) VALUES (8, 7, 300, 8);
INSERT INTO chemicaldrugstrength (id, chemicalcompound, strength, drug) VALUES (9, 8, 80, 9);
INSERT INTO chemicaldrugstrength (id, chemicalcompound, strength, drug) VALUES (10, 5, 20, 9);
INSERT INTO chemicaldrugstrength (id, chemicalcompound, strength, drug) VALUES (11, 5, 100, 10);
INSERT INTO chemicaldrugstrength (id, chemicalcompound, strength, drug) VALUES (12, 3, 150, 11);
INSERT INTO chemicaldrugstrength (id, chemicalcompound, strength, drug) VALUES (13, 7, 300, 11);
INSERT INTO chemicaldrugstrength (id, chemicalcompound, strength, drug) VALUES (14, 8, 200, 12);
INSERT INTO chemicaldrugstrength (id, chemicalcompound, strength, drug) VALUES (15, 5, 50, 12);
INSERT INTO chemicaldrugstrength (id, chemicalcompound, strength, drug) VALUES (16, 10, 200, 13);
INSERT INTO chemicaldrugstrength (id, chemicalcompound, strength, drug) VALUES (17, 11, 300, 14);
INSERT INTO chemicaldrugstrength (id, chemicalcompound, strength, drug) VALUES (18, 12, 400, 15);
INSERT INTO chemicaldrugstrength (id, chemicalcompound, strength, drug) VALUES (19, 13, 300, 16);
INSERT INTO chemicaldrugstrength (id, chemicalcompound, strength, drug) VALUES (20, 3, 150, 17);
INSERT INTO chemicaldrugstrength (id, chemicalcompound, strength, drug) VALUES (21, 7, 300, 17);
INSERT INTO chemicaldrugstrength (id, chemicalcompound, strength, drug) VALUES (22, 4, 200, 17);
INSERT INTO chemicaldrugstrength (id, chemicalcompound, strength, drug) VALUES (23, 9, 300, 18);
INSERT INTO chemicaldrugstrength (id, chemicalcompound, strength, drug) VALUES (24, 3, 300, 18);
INSERT INTO chemicaldrugstrength (id, chemicalcompound, strength, drug) VALUES (25, 2, 600, 18);
INSERT INTO chemicaldrugstrength (id, chemicalcompound, strength, drug) VALUES (26, 3, 150, 19);
INSERT INTO chemicaldrugstrength (id, chemicalcompound, strength, drug) VALUES (27, 6, 30, 19);
INSERT INTO chemicaldrugstrength (id, chemicalcompound, strength, drug) VALUES (28, 4, 200, 19);
INSERT INTO chemicaldrugstrength (id, chemicalcompound, strength, drug) VALUES (29, 9, 300, 20);
INSERT INTO chemicaldrugstrength (id, chemicalcompound, strength, drug) VALUES (30, 3, 300, 20);
INSERT INTO chemicaldrugstrength (id, chemicalcompound, strength, drug) VALUES (31, 1, 600, 21);
INSERT INTO chemicaldrugstrength (id, chemicalcompound, strength, drug) VALUES (32, 3, 300, 21);
INSERT INTO chemicaldrugstrength (id, chemicalcompound, strength, drug) VALUES (33, 3, 30, 22);
INSERT INTO chemicaldrugstrength (id, chemicalcompound, strength, drug) VALUES (34, 6, 6, 22);
INSERT INTO chemicaldrugstrength (id, chemicalcompound, strength, drug) VALUES (35, 4, 50, 22);
INSERT INTO chemicaldrugstrength (id, chemicalcompound, strength, drug) VALUES (36, 3, 30, 23);
INSERT INTO chemicaldrugstrength (id, chemicalcompound, strength, drug) VALUES (37, 6, 6, 23);
INSERT INTO chemicaldrugstrength (id, chemicalcompound, strength, drug) VALUES (38, 3, 30, 24);
INSERT INTO chemicaldrugstrength (id, chemicalcompound, strength, drug) VALUES (39, 7, 60, 24);
INSERT INTO chemicaldrugstrength (id, chemicalcompound, strength, drug) VALUES (40, 4, 50, 24);
INSERT INTO chemicaldrugstrength (id, chemicalcompound, strength, drug) VALUES (41, 3, 30, 25);
INSERT INTO chemicaldrugstrength (id, chemicalcompound, strength, drug) VALUES (42, 7, 60, 25);
INSERT INTO chemicaldrugstrength (id, chemicalcompound, strength, drug) VALUES (43, 8, 100, 26);
INSERT INTO chemicaldrugstrength (id, chemicalcompound, strength, drug) VALUES (44, 5, 25, 26);
INSERT INTO chemicaldrugstrength (id, chemicalcompound, strength, drug) VALUES (45, 1, 60, 27);
INSERT INTO chemicaldrugstrength (id, chemicalcompound, strength, drug) VALUES (46, 3, 30, 27);
INSERT INTO chemicaldrugstrength (id, chemicalcompound, strength, drug) VALUES (47, 2, 200, 28);
INSERT INTO chemicaldrugstrength (id, chemicalcompound, strength, drug) VALUES (48, 1, 60, 29);
INSERT INTO chemicaldrugstrength (id, chemicalcompound, strength, drug) VALUES (49, 13, 75, 30);
INSERT INTO chemicaldrugstrength (id, chemicalcompound, strength, drug) VALUES (50, 13, 150, 31);
INSERT INTO chemicaldrugstrength (id, chemicalcompound, strength, drug) VALUES (51, 11, 150, 32);
INSERT INTO chemicaldrugstrength (id, chemicalcompound, strength, drug) VALUES (52, 11, 100, 33);
INSERT INTO chemicaldrugstrength (id, chemicalcompound, strength, drug) VALUES (53, 4, 50, 34);
INSERT INTO chemicaldrugstrength (id, chemicalcompound, strength, drug) VALUES (54, 7, 10, 35); -- 50 mg/5 ml = 10mg/ml



INSERT INTO clinic (id, address1, address2, notes, postalcode, province, telephone, mainclinic, clinicname, city, modified) VALUES (2, '1 Demo Street', '', '', 'Demo City', '', '', true, 'Main Clinic', '', 'T');

INSERT INTO clinicuser (clinicid, userid) VALUES (2, 1);

INSERT INTO drug (id, form, dispensinginstructions1, dispensinginstructions2, modified, name, packsize, sidetreatment, defaultamnt, defaulttimes, nsncode, stockcode, adult) VALUES (1, 14, '', '', 'T', '[ABC] Abacavir 300mg', 60, 'F', 1, 2, '', '',true);
INSERT INTO drug (id, form, dispensinginstructions1, dispensinginstructions2, modified, name, packsize, sidetreatment, defaultamnt, defaulttimes, nsncode, stockcode, adult) VALUES (2, 17, 'Take at night only', '', 'T', '[EFV] Efavirenze 200mg', 90, 'F', 0, 1, '', '',true);
INSERT INTO drug (id, form, dispensinginstructions1, dispensinginstructions2, modified, name, packsize, sidetreatment, defaultamnt, defaulttimes, nsncode, stockcode, adult) VALUES (3, 14, '', '', 'T', '[TDF] Tenofovir 300mg', 30, 'F', 1, 1, '', '',true);
INSERT INTO drug (id, form, dispensinginstructions1, dispensinginstructions2, modified, name, packsize, sidetreatment, defaultamnt, defaulttimes, nsncode, stockcode, adult) VALUES (4, 14, 'Take at night only', '', 'T', '[EFV] Efavirenze 600mg', 30, 'F', 1, 1, '', '',true);
INSERT INTO drug (id, form, dispensinginstructions1, dispensinginstructions2, modified, name, packsize, sidetreatment, defaultamnt, defaulttimes, nsncode, stockcode, adult) VALUES (5, 14, '', '', 'T', '[3TC] Lamivudina 150mg', 60, 'F', 1, 2, '', '',true);
INSERT INTO drug (id, form, dispensinginstructions1, dispensinginstructions2, modified, name, packsize, sidetreatment, defaultamnt, defaulttimes, nsncode, stockcode, adult) VALUES (6, 14, '', '', 'T', '[NVP] Nevirapina 200mg', 60, 'F', 1, 2, '', '',true);
INSERT INTO drug (id, form, dispensinginstructions1, dispensinginstructions2, modified, name, packsize, sidetreatment, defaultamnt, defaulttimes, nsncode, stockcode, adult) VALUES (7, 16, '', '', 'T', '[NVP] Nevirapina 50mg/5ml', 240, 'F', 0, 2, '', '',true);
INSERT INTO drug (id, form, dispensinginstructions1, dispensinginstructions2, modified, name, packsize, sidetreatment, defaultamnt, defaulttimes, nsncode, stockcode, adult) VALUES (8, 14, '', '', 'T', '[AZT] Zidovudina 300mg', 60, 'F', 1, 2, '', '',true);
INSERT INTO drug (id, form, dispensinginstructions1, dispensinginstructions2, modified, name, packsize, sidetreatment, defaultamnt, defaulttimes, nsncode, stockcode, adult) VALUES (9, 16, '', '', 'T', '[LPV/RTV] Kaletra 80/20 mg/ml', 60, 'F', 0, 2, '', '',true);
INSERT INTO drug (id, form, dispensinginstructions1, dispensinginstructions2, modified, name, packsize, sidetreatment, defaultamnt, defaulttimes, nsncode, stockcode, adult) VALUES (10, 17, '', '', 'T', '[RTV] Ritonavir 100mg', 84, 'F', 0, 0, '', '',true);
INSERT INTO drug (id, form, dispensinginstructions1, dispensinginstructions2, modified, name, packsize, sidetreatment, defaultamnt, defaulttimes, nsncode, stockcode, adult) VALUES (11, 14, '', '', 'T', '[3TC/AZT] Lamzid 150/300mg', 60, 'F', 1, 2, '', '',true);
INSERT INTO drug (id, form, dispensinginstructions1, dispensinginstructions2, modified, name, packsize, sidetreatment, defaultamnt, defaulttimes, nsncode, stockcode, adult) VALUES (12, 14, '', '', 'T', '[LPV/r] Aluvia 200/50mg', 120, 'F', 2, 2, '', '',true);
INSERT INTO drug (id, form, dispensinginstructions1, dispensinginstructions2, modified, name, packsize, sidetreatment, defaultamnt, defaulttimes, nsncode, stockcode,adult) VALUES (13, 14, '', '', 'T', '[SQV] Saquinavir 200 mg', 270, 'F', 0, 1, '', '',true);
INSERT INTO drug (id, form, dispensinginstructions1, dispensinginstructions2, modified, name, packsize, sidetreatment, defaultamnt, defaulttimes, nsncode, stockcode,adult) VALUES (14, 14, '', '', 'T', '[ATV] Atazanavir 300mg', 30, 'F', 0, 1, '', '',true);
INSERT INTO drug (id, form, dispensinginstructions1, dispensinginstructions2, modified, name, packsize, sidetreatment, defaultamnt, defaulttimes, nsncode, stockcode,adult) VALUES (15, 14, '', '', 'T', '[RAL] Raltegravir 400mg', 60, 'F', 0, 2, '', '',true);
INSERT INTO drug (id, form, dispensinginstructions1, dispensinginstructions2, modified, name, packsize, sidetreatment, defaultamnt, defaulttimes, nsncode, stockcode,adult) VALUES (16, 14, '', '', 'T', '[DRV] Darunavir 300mg', 120, 'F', 0, 4, '', '',true);
INSERT INTO drug (id, form, dispensinginstructions1, dispensinginstructions2, modified, name, packsize, sidetreatment, defaultamnt, defaulttimes, nsncode, stockcode,adult) VALUES (17, 14, '', '', 'T', '[3TC/AZT/NVP] Lamzidnev 150/300/200mg', 60, 'F', 0, 2, '', '',true);
INSERT INTO drug (id, form, dispensinginstructions1, dispensinginstructions2, modified, name, packsize, sidetreatment, defaultamnt, defaulttimes, nsncode, stockcode,adult) VALUES (18, 14, '', '', 'T', '[TDF/3TC/EFV] TenoLamefav 300/300/600mg', 30, 'F', 0, 1, '', '',true);
INSERT INTO drug (id, form, dispensinginstructions1, dispensinginstructions2, modified, name, packsize, sidetreatment, defaultamnt, defaulttimes, nsncode, stockcode,adult) VALUES (19, 14, '', '', 'T', '[3TC/D4T/NVP] Lamstadnev 150/30/200mg', 60, 'F', 0, 2, '', '',true);
INSERT INTO drug (id, form, dispensinginstructions1, dispensinginstructions2, modified, name, packsize, sidetreatment, defaultamnt, defaulttimes, nsncode, stockcode,adult) VALUES (20, 14, '', '', 'T', '[TDF/3TC] Tenolam 300/300mg', 30, 'F', 0, 1, '', '',true);
INSERT INTO drug (id, form, dispensinginstructions1, dispensinginstructions2, modified, name, packsize, sidetreatment, defaultamnt, defaulttimes, nsncode, stockcode,adult) VALUES (21, 14, '', '', 'T', '[ABC/3TC] Abacalam 600/300mg', 30, 'F', 0, 1, '', '',true);
INSERT INTO drug (id, form, dispensinginstructions1, dispensinginstructions2, modified, name, packsize, sidetreatment, defaultamnt, defaulttimes, nsncode, stockcode,adult) VALUES (22, 14, '', '', 'T', '[3TC/D4T/NVP] Lamstadnev 30/6/50mg', 60, 'F', 0, 1, '', '',false);
INSERT INTO drug (id, form, dispensinginstructions1, dispensinginstructions2, modified, name, packsize, sidetreatment, defaultamnt, defaulttimes, nsncode, stockcode,adult) VALUES (23, 14, '', '', 'T', '[3TC/D4T] Lamstad 30/6', 60, 'F', 0, 1, '', '',false);
INSERT INTO drug (id, form, dispensinginstructions1, dispensinginstructions2, modified, name, packsize, sidetreatment, defaultamnt, defaulttimes, nsncode, stockcode,adult) VALUES (24, 14, '', '', 'T', '[3TC/AZT/NVP] Lamzidnev 30/60/50mg', 60, 'F', 0, 1, '', '',false);
INSERT INTO drug (id, form, dispensinginstructions1, dispensinginstructions2, modified, name, packsize, sidetreatment, defaultamnt, defaulttimes, nsncode, stockcode,adult) VALUES (25, 14, '', '', 'T', '[3TC/AZT] Lamzid 30/60mg', 60, 'F', 0, 1, '', '',false);
INSERT INTO drug (id, form, dispensinginstructions1, dispensinginstructions2, modified, name, packsize, sidetreatment, defaultamnt, defaulttimes, nsncode, stockcode,adult) VALUES (26, 14, '', '', 'T', '[LPV/RTV] Kaletra 100/25mg', 60, 'F', 0, 1, '', '',false);
INSERT INTO drug (id, form, dispensinginstructions1, dispensinginstructions2, modified, name, packsize, sidetreatment, defaultamnt, defaulttimes, nsncode, stockcode,adult) VALUES (27, 14, '', '', 'T', '[ABC/3TC] Abacalam 60/30mg', 60, 'F', 0, 1, '', '',false);
INSERT INTO drug (id, form, dispensinginstructions1, dispensinginstructions2, modified, name, packsize, sidetreatment, defaultamnt, defaulttimes, nsncode, stockcode,adult) VALUES (28, 17, 'Take at night only', '', 'T', '[EFV] Efavirenze 200mg', 60, 'F', 0, 1, '', '',false);
INSERT INTO drug (id, form, dispensinginstructions1, dispensinginstructions2, modified, name, packsize, sidetreatment, defaultamnt, defaulttimes, nsncode, stockcode,adult) VALUES (29, 14, '', '', 'T', '[ABC] Abacavir 60mg', 60, 'F', 0, 1, '', '',false);
INSERT INTO drug (id, form, dispensinginstructions1, dispensinginstructions2, modified, name, packsize, sidetreatment, defaultamnt, defaulttimes, nsncode, stockcode,adult) VALUES (30, 14, '', '', 'T', '[DRV] Darunavir 75mg', 0, 'F', 0, 0, '', '',false);
INSERT INTO drug (id, form, dispensinginstructions1, dispensinginstructions2, modified, name, packsize, sidetreatment, defaultamnt, defaulttimes, nsncode, stockcode,adult) VALUES (31, 14, '', '', 'T', '[DRV] Darunavir 150mg', 0, 'F', 0, 0, '', '',false);
INSERT INTO drug (id, form, dispensinginstructions1, dispensinginstructions2, modified, name, packsize, sidetreatment, defaultamnt, defaulttimes, nsncode, stockcode,adult) VALUES (32, 14, '', '', 'T', '[ATV] Atazanavir 150mg', 0, 'F', 0, 0, '', '',false);
INSERT INTO drug (id, form, dispensinginstructions1, dispensinginstructions2, modified, name, packsize, sidetreatment, defaultamnt, defaulttimes, nsncode, stockcode,adult) VALUES (33, 14, '', '', 'T', '[ATV] Atazanavir 100mg', 0, 'F', 0, 0, '', '',false);
INSERT INTO drug (id, form, dispensinginstructions1, dispensinginstructions2, modified, name, packsize, sidetreatment, defaultamnt, defaulttimes, nsncode, stockcode,adult) VALUES (34, 14, '', '', 'T', '[NVP] Nevirapina 50mg', 60, 'F', 0, 1, '', '',false);
INSERT INTO drug (id, form, dispensinginstructions1, dispensinginstructions2, modified, name, packsize, sidetreatment, defaultamnt, defaulttimes, nsncode, stockcode,adult) VALUES (35, 16, '', '', 'T', '[NVP] Zidovudina 50mg/5ml', 240, 'F', 0, 2, '', '',false);

INSERT INTO form (id, form, actionlanguage1, actionlanguage2, actionlanguage3, formlanguage1, formlanguage2, formlanguage3, dispinstructions1, dispinstructions2) VALUES (1, 'Lozenges', 'Suck', 'Munca', 'Suig', 'lozenge(s)', '', '', '', NULL);
INSERT INTO form (id, form, actionlanguage1, actionlanguage2, actionlanguage3, formlanguage1, formlanguage2, formlanguage3, dispinstructions1, dispinstructions2) VALUES (2, 'Cream', 'Apply', 'Qaba', 'Wend aan', '', '', '', '', NULL);
INSERT INTO form (id, form, actionlanguage1, actionlanguage2, actionlanguage3, formlanguage1, formlanguage2, formlanguage3, dispinstructions1, dispinstructions2) VALUES (3, 'Ointment', 'Apply', 'Qaba', 'Wend aan', '', '', '', '', NULL);
INSERT INTO form (id, form, actionlanguage1, actionlanguage2, actionlanguage3, formlanguage1, formlanguage2, formlanguage3, dispinstructions1, dispinstructions2) VALUES (4, 'Gel', 'Apply', 'Qaba', 'Wend aan', '', '', '', '', NULL);
INSERT INTO form (id, form, actionlanguage1, actionlanguage2, actionlanguage3, formlanguage1, formlanguage2, formlanguage3, dispinstructions1, dispinstructions2) VALUES (5, 'Oral Gel', 'Apply', 'Qaba', 'Wend aan', '', '', '', 'to the mouth / emlonyeni', NULL);
INSERT INTO form (id, form, actionlanguage1, actionlanguage2, actionlanguage3, formlanguage1, formlanguage2, formlanguage3, dispinstructions1, dispinstructions2) VALUES (6, 'Lotion', 'Apply', 'Qaba', 'Wend aan', '', '', '', '', NULL);
INSERT INTO form (id, form, actionlanguage1, actionlanguage2, actionlanguage3, formlanguage1, formlanguage2, formlanguage3, dispinstructions1, dispinstructions2) VALUES (7, 'Vaginal Cream', 'Insert', 'Faka', 'Steek in', '', '', '', 'Vaginal Cream / Isithambiso sangaphantsi', NULL);
INSERT INTO form (id, form, actionlanguage1, actionlanguage2, actionlanguage3, formlanguage1, formlanguage2, formlanguage3, dispinstructions1, dispinstructions2) VALUES (8, 'Eye Ointment', 'Apply', 'Qaba', 'Wend aan', '', '', '', 'to __ eye(s)', NULL);
INSERT INTO form (id, form, actionlanguage1, actionlanguage2, actionlanguage3, formlanguage1, formlanguage2, formlanguage3, dispinstructions1, dispinstructions2) VALUES (9, 'Suppository', 'Insert', 'Faka', 'Steek in', 'suppository', '', '', '', NULL);
INSERT INTO form (id, form, actionlanguage1, actionlanguage2, actionlanguage3, formlanguage1, formlanguage2, formlanguage3, dispinstructions1, dispinstructions2) VALUES (10, 'Nose drops', 'Instill', 'Galela', 'Gebruik', 'drops', 'amathontsi', 'druppel(s)', 'in each nostril', NULL);
INSERT INTO form (id, form, actionlanguage1, actionlanguage2, actionlanguage3, formlanguage1, formlanguage2, formlanguage3, dispinstructions1, dispinstructions2) VALUES (11, 'Eye drops', 'Instill', 'Galela', 'Gebruik', 'drops', 'amathontsi', 'druppel(s)', 'in __ eye(s)', NULL);
INSERT INTO form (id, form, actionlanguage1, actionlanguage2, actionlanguage3, formlanguage1, formlanguage2, formlanguage3, dispinstructions1, dispinstructions2) VALUES (12, 'Ear drops', 'Instill', 'Galela', 'Gebruik', 'drops', 'amathontsi', 'druppel(s)', 'in __ ear(s)', NULL);
INSERT INTO form (id, form, actionlanguage1, actionlanguage2, actionlanguage3, formlanguage1, formlanguage2, formlanguage3, dispinstructions1, dispinstructions2) VALUES (13, 'Soap', 'Wash with soap', 'Hlamba nge sepa', 'Was met seep', '', '', '', '', NULL);
INSERT INTO form (id, form, actionlanguage1, actionlanguage2, actionlanguage3, formlanguage1, formlanguage2, formlanguage3, dispinstructions1, dispinstructions2) VALUES (14, 'Tablets', 'Take', 'Sela', 'Neem', 'tablets', 'ipilisi', 'pille', '', NULL);
INSERT INTO form (id, form, actionlanguage1, actionlanguage2, actionlanguage3, formlanguage1, formlanguage2, formlanguage3, dispinstructions1, dispinstructions2) VALUES (15, 'Suspension', 'Take', 'Sela', 'Neem', 'ml', 'ml', 'ml', '', NULL);
INSERT INTO form (id, form, actionlanguage1, actionlanguage2, actionlanguage3, formlanguage1, formlanguage2, formlanguage3, dispinstructions1, dispinstructions2) VALUES (16, 'Syrup', 'Take', 'Sela', 'Neem', 'ml', 'ml', 'ml', '', NULL);
INSERT INTO form (id, form, actionlanguage1, actionlanguage2, actionlanguage3, formlanguage1, formlanguage2, formlanguage3, dispinstructions1, dispinstructions2) VALUES (17, 'Capsules', 'Take', 'Sela', 'Neem', 'capsules', 'ipilisi', 'pille', '', NULL);

INSERT INTO patientstattypes (id, statname, statformat) VALUES (1, 'CD4 Count', 'N');
INSERT INTO patientstattypes (id, statname, statformat) VALUES (2, 'Viral Load', 'N');
INSERT INTO patientstattypes (id, statname, statformat) VALUES (3, 'CD4 Percentage', 'N');
INSERT INTO patientstattypes (id, statname, statformat) VALUES (4, 'ALT', 'C');

INSERT INTO patientvisitreason (id, reasonforvisit) VALUES (5, 'Scheduled Visit');
INSERT INTO patientvisitreason (id, reasonforvisit) VALUES (6, 'Not Feeling Well');
INSERT INTO patientvisitreason (id, reasonforvisit) VALUES (7, 'Counselling');
INSERT INTO patientvisitreason (id, reasonforvisit) VALUES (8, 'Advice');
INSERT INTO patientvisitreason (id, reasonforvisit) VALUES (9, 'Other');

INSERT INTO simpledomain (id, description, name, value) VALUES (1, 'WHO Clinical Stage 1', 'clinical_stage', '1');
INSERT INTO simpledomain (id, description, name, value) VALUES (2, 'WHO Clinical Stage 2', 'clinical_stage', '2');
INSERT INTO simpledomain (id, description, name, value) VALUES (3, 'WHO Clinical Stage 3', 'clinical_stage', '3');
INSERT INTO simpledomain (id, description, name, value) VALUES (4, 'WHO Clinical Stage 4', 'clinical_stage', '4');
INSERT INTO simpledomain (id, description, name, value) VALUES (5, 'SA Province', 'province', 'Western Cape');
INSERT INTO simpledomain (id, description, name, value) VALUES (6, 'SA Province', 'province', 'Northern Cape');
INSERT INTO simpledomain (id, description, name, value) VALUES (7, 'SA Province', 'province', 'Limpopo');
INSERT INTO simpledomain (id, description, name, value) VALUES (8, 'SA Province', 'province', 'Free State');
INSERT INTO simpledomain (id, description, name, value) VALUES (9, 'SA Province', 'province', 'KwaZulu - Natal');
INSERT INTO simpledomain (id, description, name, value) VALUES (10, 'SA Province', 'province', 'Eastern Cape');
INSERT INTO simpledomain (id, description, name, value) VALUES (11, 'SA Province', 'province', 'Gauteng');
INSERT INTO simpledomain (id, description, name, value) VALUES (12, 'SA Province', 'province', 'Mpumalanga');
INSERT INTO simpledomain (id, description, name, value) VALUES (13, 'SA Province', 'province', 'North West');
INSERT INTO simpledomain (id, description, name, value) VALUES (14, '', 'reason_for_update', 'Intollerability');
INSERT INTO simpledomain (id, description, name, value) VALUES (15, '', 'reason_for_update', 'Renewal');
INSERT INTO simpledomain (id, description, name, value) VALUES (16, '', 'reason_for_update', 'Failure');
INSERT INTO simpledomain (id, description, name, value) VALUES (17, '', 'reason_for_update', 'Toxicity');
INSERT INTO simpledomain (id, description, name, value) VALUES (18, '', 'reason_for_update', 'Breast Enlargement');
INSERT INTO simpledomain (id, description, name, value) VALUES (19, '', 'reason_for_update', 'Lactic Acidosis');
INSERT INTO simpledomain (id, description, name, value) VALUES (20, '', 'reason_for_update', 'Peripheral Neuropathy');
INSERT INTO simpledomain (id, description, name, value) VALUES (21, '', 'reason_for_update', 'Post Natal');
INSERT INTO simpledomain (id, description, name, value) VALUES (22, '', 'reason_for_update', 'Pregnancy');
INSERT INTO simpledomain (id, description, name, value) VALUES (23, '', 'reason_for_update', 'Renal Failure');
INSERT INTO simpledomain (id, description, name, value) VALUES (24, '', 'reason_for_update', 'Strength Change');
INSERT INTO simpledomain (id, description, name, value) VALUES (25, '', 'reason_for_update', 'Virological Failure');
INSERT INTO simpledomain (id, description, name, value) VALUES (26, '', 'reason_for_update', 'Starting TB Rx');
INSERT INTO simpledomain (id, description, name, value) VALUES (27, '', 'reason_for_update', 'Stopping TB Rx');
INSERT INTO simpledomain (id, description, name, value) VALUES (28, '', 'reason_for_update', 'Restart ART');
INSERT INTO simpledomain (id, description, name, value) VALUES (29, '', 'reason_for_update', 'Lipodystrophy');
INSERT INTO simpledomain (id, description, name, value) VALUES (30, '', 'prescriptionDuration', '1 week');
INSERT INTO simpledomain (id, description, name, value) VALUES (31, '', 'prescriptionDuration', '2 weeks');
INSERT INTO simpledomain (id, description, name, value) VALUES (32, '', 'prescriptionDuration', '1 month');
INSERT INTO simpledomain (id, description, name, value) VALUES (33, '', 'prescriptionDuration', '2 months');
INSERT INTO simpledomain (id, description, name, value) VALUES (34, '', 'prescriptionDuration', '3 months');
INSERT INTO simpledomain (id, description, name, value) VALUES (35, '', 'prescriptionDuration', '4 months');
INSERT INTO simpledomain (id, description, name, value) VALUES (36, '', 'prescriptionDuration', '5 months');
INSERT INTO simpledomain (id, description, name, value) VALUES (37, '', 'prescriptionDuration', '6 months');
INSERT INTO simpledomain (id, description, name, value) VALUES (38, '', 'prescriptionDuration', '7 months');
INSERT INTO simpledomain (id, description, name, value) VALUES (39, '', 'activation_reason', 'New Patient');
INSERT INTO simpledomain (id, description, name, value) VALUES (40, '', 'activation_reason', 'Re-referred In');
INSERT INTO simpledomain (id, description, name, value) VALUES (41, '', 'activation_reason', 'Referred In');
INSERT INTO simpledomain (id, description, name, value) VALUES (42, '', 'activation_reason', 'Restart ART');
INSERT INTO simpledomain (id, description, name, value) VALUES (43, '', 'activation_reason', 'Restart at Down Referral Clinic');
INSERT INTO simpledomain (id, description, name, value) VALUES (44, '', 'activation_reason', 'Start at Down Referral Clinic');
INSERT INTO simpledomain (id, description, name, value) VALUES (45, '', 'activation_reason', 'Start PEP');
INSERT INTO simpledomain (id, description, name, value) VALUES (46, '', 'activation_reason', 'Transferred In');
INSERT INTO simpledomain (id, description, name, value) VALUES (47, '', 'activation_reason', 'Unknown');
INSERT INTO simpledomain (id, description, name, value) VALUES (48, '', 'activation_reason', 'Up Referred');
INSERT INTO simpledomain (id, description, name, value) VALUES (49, '', 'activation_reason', 'Visitor In');
INSERT INTO simpledomain (id, description, name, value) VALUES (50, '', 'activation_reason', 'Other');
INSERT INTO simpledomain (id, description, name, value) VALUES (51, '', 'deactivation_reason', 'Deceased');
INSERT INTO simpledomain (id, description, name, value) VALUES (52, '', 'deactivation_reason', 'Defaulted');
INSERT INTO simpledomain (id, description, name, value) VALUES (53, '', 'deactivation_reason', 'Down Referred');
INSERT INTO simpledomain (id, description, name, value) VALUES (54, '', 'deactivation_reason', 'Lost to Follow Up');
INSERT INTO simpledomain (id, description, name, value) VALUES (55, '', 'deactivation_reason', 'Other');
INSERT INTO simpledomain (id, description, name, value) VALUES (56, '', 'deactivation_reason', 'Re-referred Out');
INSERT INTO simpledomain (id, description, name, value) VALUES (57, '', 'deactivation_reason', 'Referred Out');
INSERT INTO simpledomain (id, description, name, value) VALUES (58, '', 'deactivation_reason', 'Stop PEP');
INSERT INTO simpledomain (id, description, name, value) VALUES (59, '', 'deactivation_reason', 'Stopped ART by Clinician');
INSERT INTO simpledomain (id, description, name, value) VALUES (60, '', 'deactivation_reason', 'Transferred Out');
INSERT INTO simpledomain (id, description, name, value) VALUES (61, '', 'deactivation_reason', 'Unknown');
INSERT INTO simpledomain (id, description, name, value) VALUES (62, '', 'deactivation_reason', 'Visitor Out');
INSERT INTO simpledomain (id, description, name, value) VALUES (63, 'Package Return Reason', 'packageReturnReason', 'No longer receiving treatment at clinic');
INSERT INTO simpledomain (id, description, name, value) VALUES (64, 'Package Return Reason', 'packageReturnReason', 'Change of Drugs');
INSERT INTO simpledomain (id, description, name, value) VALUES (65, 'Package Return Reason', 'packageReturnReason', 'Package lost in transit ');
INSERT INTO simpledomain (id, description, name, value) VALUES (66, 'Package Return Reason', 'packageReturnReason', 'Missed Appointment');
INSERT INTO simpledomain (id, description, name, value) VALUES (67, 'pharmacy_detail', 'pharmacist', 'Demo Pharmacist, B.Pharm');
INSERT INTO simpledomain (id, description, name, value) VALUES (68, 'pharmacy_detail', 'assistant_pharmacist', 'Demo Pharmacist2, B.Pharm');
INSERT INTO simpledomain (id, description, name, value) VALUES (69, 'pharmacy_detail', 'pharmacy_name', 'Facility Name');
INSERT INTO simpledomain (id, description, name, value) VALUES (70, 'pharmacy_detail', 'pharmacy_street', 'Street Address');
INSERT INTO simpledomain (id, description, name, value) VALUES (71, 'pharmacy_detail', 'pharmacy_city', 'City');
INSERT INTO simpledomain (id, description, name, value) VALUES (72, 'pharmacy_detail', 'pharmacy_contact_no', 'Tel');
INSERT INTO simpledomain (id, description, name, value) VALUES (73, 'Regimen 1A', 'regimen', '1A');
INSERT INTO simpledomain (id, description, name, value) VALUES (74, 'Regimen 1B', 'regimen', '1B');
INSERT INTO simpledomain (id, description, name, value) VALUES (75, 'Regimen 2', 'regimen', '2');
INSERT INTO simpledomain (id, description, name, value) VALUES (76, 'Mixed Regimen', 'regimen', 'Mixed');
INSERT INTO simpledomain (id, description, name, value) VALUES (77, 'Regimen 1C', 'regimen', '1C');
INSERT INTO simpledomain (id, description, name, value) VALUES (78, 'Regimen 1D', 'regimen', '1D');

INSERT INTO regimeterapeutico (regimeid, linhaid, regimeesquema, adult, active) VALUES(1,1,'AZT+3TC+NVP (3DFC)',true ,true );
INSERT INTO regimeterapeutico (regimeid, linhaid, regimeesquema, adult, active) VALUES(2,1,'TDF+3TC+EFV (3DFC)',true ,true );
INSERT INTO regimeterapeutico (regimeid, linhaid, regimeesquema, adult, active) VALUES(3,1,'AZT+3TC+EFV (2DFC+EFV)',true ,true );
INSERT INTO regimeterapeutico (regimeid, linhaid, regimeesquema, adult, active) VALUES(4,1,'d4T30+3TC+NVP (3DFC)',true ,true );
INSERT INTO regimeterapeutico (regimeid, linhaid, regimeesquema, adult, active) VALUES(5,1,'d4T30+3TC+EFV (2DFC+EFV)',true ,true );
INSERT INTO regimeterapeutico (regimeid, linhaid, regimeesquema, adult, active) VALUES(6,1,'AZT+3TC+LPV/r (2DFC+LPV/r)',true ,true );
INSERT INTO regimeterapeutico (regimeid, linhaid, regimeesquema, adult, active) VALUES(7,2,'AZT+3TC+LPV/r (2DFC+LPV/r)',true ,true );
INSERT INTO regimeterapeutico (regimeid, linhaid, regimeesquema, adult, active) VALUES(8,1,'TDF+3TC+LPV/r (2DFC+LPV/r)',true ,true );
INSERT INTO regimeterapeutico (regimeid, linhaid, regimeesquema, adult, active) VALUES(9,2,'TDF+3TC+LPV/r (2DFC+LPV/r)',true ,true );
INSERT INTO regimeterapeutico (regimeid, linhaid, regimeesquema, adult, active) VALUES(10,2,'ABC+3TC+LPV/r',true ,true );
INSERT INTO regimeterapeutico (regimeid, linhaid, regimeesquema, adult, active) VALUES(11,1,'TDF+3TC+NVP',true ,true );
INSERT INTO regimeterapeutico (regimeid, linhaid, regimeesquema, adult, active) VALUES(12,1,'ABC+3TC+EFV',true ,true );
INSERT INTO regimeterapeutico (regimeid, linhaid, regimeesquema, adult, active) VALUES(13,2,'TDF+3TC+ATV/r ',true ,true );
INSERT INTO regimeterapeutico (regimeid, linhaid, regimeesquema, adult, active) VALUES(14,2,'ABC+3TC+ATV/r',true ,true );
INSERT INTO regimeterapeutico (regimeid, linhaid, regimeesquema, adult, active) VALUES(15,1,'TDF+3TC+ LPV/r + RTV (2DFC+LPV/r + RTV)',true ,true );
INSERT INTO regimeterapeutico (regimeid, linhaid, regimeesquema, adult, active) VALUES(16,2,'TDF+3TC+ LPV/r + RTV (2DFC+LPV/r + RTV)',true ,true );
INSERT INTO regimeterapeutico (regimeid, linhaid, regimeesquema, adult, active) VALUES(17,1,'AZT+3TC+LPV/r + RTV (2DFC+LPV/r + RTV)',true ,true );
INSERT INTO regimeterapeutico (regimeid, linhaid, regimeesquema, adult, active) VALUES(18,2,'AZT+3TC+LPV/r + RTV (2DFC+LPV/r + RTV)',true ,true );
INSERT INTO regimeterapeutico (regimeid, linhaid, regimeesquema, adult, active) VALUES(19,1,'ABC+3TC+LPV/r + RTV',true ,true );
INSERT INTO regimeterapeutico (regimeid, linhaid, regimeesquema, adult, active) VALUES(20,2,'ABC+3TC+LPV/r + RTV',true ,true );
INSERT INTO regimeterapeutico (regimeid, linhaid, regimeesquema, adult, active) VALUES(21,3,'TDF+3TC+RAL+DRV+RTV',true ,true );
INSERT INTO regimeterapeutico (regimeid, linhaid, regimeesquema, adult, active) VALUES(22,3,'AZT+3TC+RAL+DRV+RTV',true ,true );
INSERT INTO regimeterapeutico (regimeid, linhaid, regimeesquema, adult, active) VALUES(23,1,'d4T+3TC+NVP (3DFC Baby )',false,true );
INSERT INTO regimeterapeutico (regimeid, linhaid, regimeesquema, adult, active) VALUES(24,1,'d4T+3TC+LPV/r (2DFC Baby + LPV/r )',false,true );
INSERT INTO regimeterapeutico (regimeid, linhaid, regimeesquema, adult, active) VALUES(25,1,'d4T+3TC+ABC (2DFC Baby + ABC )',false,true );
INSERT INTO regimeterapeutico (regimeid, linhaid, regimeesquema, adult, active) VALUES(26,1,'d4T+3TC+EFV (2DFC Baby + EFV)',false,true );
INSERT INTO regimeterapeutico (regimeid, linhaid, regimeesquema, adult, active) VALUES(27,1,'AZT60+3TC+NVP (3DFC)',false,true );
INSERT INTO regimeterapeutico (regimeid, linhaid, regimeesquema, adult, active) VALUES(28,1,'AZT 60+3TC+EFV (2DFC + EFV)',false,true );
INSERT INTO regimeterapeutico (regimeid, linhaid, regimeesquema, adult, active) VALUES(29,1,'AZT 60+3TC+ABC (2DFC + ABC)',false,true );
INSERT INTO regimeterapeutico (regimeid, linhaid, regimeesquema, adult, active) VALUES(30,1,'AZT 60+3TC+LPV/r (2DFC + LPV/r)',false,true );
INSERT INTO regimeterapeutico (regimeid, linhaid, regimeesquema, adult, active) VALUES(31,2,'AZT 60+3TC+LPV/r (2DFC + LPV/r)',false,true );
INSERT INTO regimeterapeutico (regimeid, linhaid, regimeesquema, adult, active) VALUES(32,1,'ABC 60+3TC + LPV/r (2 DFC + LPV/r)',false,true );
INSERT INTO regimeterapeutico (regimeid, linhaid, regimeesquema, adult, active) VALUES(33,2,'ABC 60+3TC + LPV/r (2 DFC + LPV/r)',false,true );
INSERT INTO regimeterapeutico (regimeid, linhaid, regimeesquema, adult, active) VALUES(34,1,'ABC 60+3TC + EFV (2 DFC +EFV)',false,true );
INSERT INTO regimeterapeutico (regimeid, linhaid, regimeesquema, adult, active) VALUES(35,1,'ABC 60+3TC + NVP (2 DFC + NVP)',false,true );
INSERT INTO regimeterapeutico (regimeid, linhaid, regimeesquema, adult, active) VALUES(36,1,'TDF+ 3TC+ EFV(2 DFC + EFV)',false,true );
INSERT INTO regimeterapeutico (regimeid, linhaid, regimeesquema, adult, active) VALUES(37,2,'TDF+ 3TC+ EFV(2 DFC + EFV)',false,true );
INSERT INTO regimeterapeutico (regimeid, linhaid, regimeesquema, adult, active) VALUES(38,1,'TDF+ 3TC+ NVP(2 DFC + NVP)',false,true );
INSERT INTO regimeterapeutico (regimeid, linhaid, regimeesquema, adult, active) VALUES(39,1,'TDF+ 3TC+ LPV/r (2 DFC + LPV/r)',false,true );
INSERT INTO regimeterapeutico (regimeid, linhaid, regimeesquema, adult, active) VALUES(40,2,'TDF+ 3TC+ LPV/r (2 DFC + LPV/r)',false,true );

INSERT INTO regimeterapeuticodrugs(id, regimeid, chemicalid) VALUES (1, 1, 7);
INSERT INTO regimeterapeuticodrugs(id, regimeid, chemicalid) VALUES (2, 1, 3);
INSERT INTO regimeterapeuticodrugs(id, regimeid, chemicalid) VALUES (3, 1, 4);
INSERT INTO regimeterapeuticodrugs(id, regimeid, chemicalid) VALUES (4, 2, 9);
INSERT INTO regimeterapeuticodrugs(id, regimeid, chemicalid) VALUES (5, 2, 3);
INSERT INTO regimeterapeuticodrugs(id, regimeid, chemicalid) VALUES (6, 2, 2);
INSERT INTO regimeterapeuticodrugs(id, regimeid, chemicalid) VALUES (7, 3, 7);
INSERT INTO regimeterapeuticodrugs(id, regimeid, chemicalid) VALUES (8, 3, 3);
INSERT INTO regimeterapeuticodrugs(id, regimeid, chemicalid) VALUES (9, 3, 2);
INSERT INTO regimeterapeuticodrugs(id, regimeid, chemicalid) VALUES (10, 4, 6);
INSERT INTO regimeterapeuticodrugs(id, regimeid, chemicalid) VALUES (11, 4, 3);
INSERT INTO regimeterapeuticodrugs(id, regimeid, chemicalid) VALUES (12, 4, 4);
INSERT INTO regimeterapeuticodrugs(id, regimeid, chemicalid) VALUES (13, 5, 6);
INSERT INTO regimeterapeuticodrugs(id, regimeid, chemicalid) VALUES (14, 5, 3);
INSERT INTO regimeterapeuticodrugs(id, regimeid, chemicalid) VALUES (15, 5, 2);
INSERT INTO regimeterapeuticodrugs(id, regimeid, chemicalid) VALUES (16, 6, 7);
INSERT INTO regimeterapeuticodrugs(id, regimeid, chemicalid) VALUES (17, 6, 3);
INSERT INTO regimeterapeuticodrugs(id, regimeid, chemicalid) VALUES (18, 6, 8);
INSERT INTO regimeterapeuticodrugs(id, regimeid, chemicalid) VALUES (19, 6, 5);
INSERT INTO regimeterapeuticodrugs(id, regimeid, chemicalid) VALUES (20, 7, 9);
INSERT INTO regimeterapeuticodrugs(id, regimeid, chemicalid) VALUES (21, 7, 3);
INSERT INTO regimeterapeuticodrugs(id, regimeid, chemicalid) VALUES (22, 7, 8);
INSERT INTO regimeterapeuticodrugs(id, regimeid, chemicalid) VALUES (23, 7, 5);
INSERT INTO regimeterapeuticodrugs(id, regimeid, chemicalid) VALUES (24, 8, 1);
INSERT INTO regimeterapeuticodrugs(id, regimeid, chemicalid) VALUES (25, 8, 3);
INSERT INTO regimeterapeuticodrugs(id, regimeid, chemicalid) VALUES (26, 8, 8);
INSERT INTO regimeterapeuticodrugs(id, regimeid, chemicalid) VALUES (27, 8, 5);
INSERT INTO regimeterapeuticodrugs(id, regimeid, chemicalid) VALUES (28, 9, 9);
INSERT INTO regimeterapeuticodrugs(id, regimeid, chemicalid) VALUES (29, 9, 3);
INSERT INTO regimeterapeuticodrugs(id, regimeid, chemicalid) VALUES (30, 9, 4);
INSERT INTO regimeterapeuticodrugs(id, regimeid, chemicalid) VALUES (31, 10, 1);
INSERT INTO regimeterapeuticodrugs(id, regimeid, chemicalid) VALUES (32, 10, 3);
INSERT INTO regimeterapeuticodrugs(id, regimeid, chemicalid) VALUES (33, 10, 2);
INSERT INTO regimeterapeuticodrugs(id, regimeid, chemicalid) VALUES (34, 11, 9);
INSERT INTO regimeterapeuticodrugs(id, regimeid, chemicalid) VALUES (35, 11, 3);
INSERT INTO regimeterapeuticodrugs(id, regimeid, chemicalid) VALUES (36, 11, 11);
INSERT INTO regimeterapeuticodrugs(id, regimeid, chemicalid) VALUES (37, 11, 5);
INSERT INTO regimeterapeuticodrugs(id, regimeid, chemicalid) VALUES (38, 12, 1);
INSERT INTO regimeterapeuticodrugs(id, regimeid, chemicalid) VALUES (39, 12, 3);
INSERT INTO regimeterapeuticodrugs(id, regimeid, chemicalid) VALUES (40, 12, 11);
INSERT INTO regimeterapeuticodrugs(id, regimeid, chemicalid) VALUES (41, 12, 5);
INSERT INTO regimeterapeuticodrugs(id, regimeid, chemicalid) VALUES (42, 13, 9);
INSERT INTO regimeterapeuticodrugs(id, regimeid, chemicalid) VALUES (43, 13, 3);
INSERT INTO regimeterapeuticodrugs(id, regimeid, chemicalid) VALUES (44, 13, 8);
INSERT INTO regimeterapeuticodrugs(id, regimeid, chemicalid) VALUES (45, 13, 5);
INSERT INTO regimeterapeuticodrugs(id, regimeid, chemicalid) VALUES (46, 13, 5);
INSERT INTO regimeterapeuticodrugs(id, regimeid, chemicalid) VALUES (47, 14, 7);
INSERT INTO regimeterapeuticodrugs(id, regimeid, chemicalid) VALUES (48, 14, 3);
INSERT INTO regimeterapeuticodrugs(id, regimeid, chemicalid) VALUES (49, 14, 8);
INSERT INTO regimeterapeuticodrugs(id, regimeid, chemicalid) VALUES (50, 14, 5);
INSERT INTO regimeterapeuticodrugs(id, regimeid, chemicalid) VALUES (51, 14, 5);
INSERT INTO regimeterapeuticodrugs(id, regimeid, chemicalid) VALUES (52, 15, 1);
INSERT INTO regimeterapeuticodrugs(id, regimeid, chemicalid) VALUES (53, 15, 3);
INSERT INTO regimeterapeuticodrugs(id, regimeid, chemicalid) VALUES (54, 15, 8);
INSERT INTO regimeterapeuticodrugs(id, regimeid, chemicalid) VALUES (55, 15, 5);
INSERT INTO regimeterapeuticodrugs(id, regimeid, chemicalid) VALUES (56, 15, 5);
INSERT INTO regimeterapeuticodrugs(id, regimeid, chemicalid) VALUES (57, 16, 9);
INSERT INTO regimeterapeuticodrugs(id, regimeid, chemicalid) VALUES (58, 16, 3);
INSERT INTO regimeterapeuticodrugs(id, regimeid, chemicalid) VALUES (59, 16, 12);
INSERT INTO regimeterapeuticodrugs(id, regimeid, chemicalid) VALUES (60, 16, 13);
INSERT INTO regimeterapeuticodrugs(id, regimeid, chemicalid) VALUES (61, 16, 5);
INSERT INTO regimeterapeuticodrugs(id, regimeid, chemicalid) VALUES (62, 17, 7);
INSERT INTO regimeterapeuticodrugs(id, regimeid, chemicalid) VALUES (63, 17, 3);
INSERT INTO regimeterapeuticodrugs(id, regimeid, chemicalid) VALUES (64, 17, 12);
INSERT INTO regimeterapeuticodrugs(id, regimeid, chemicalid) VALUES (65, 17, 13);
INSERT INTO regimeterapeuticodrugs(id, regimeid, chemicalid) VALUES (66, 17, 5);
INSERT INTO regimeterapeuticodrugs(id, regimeid, chemicalid) VALUES (67, 18,6 );
INSERT INTO regimeterapeuticodrugs(id, regimeid, chemicalid) VALUES (68, 18, 3);
INSERT INTO regimeterapeuticodrugs(id, regimeid, chemicalid) VALUES (69, 18, 4);
INSERT INTO regimeterapeuticodrugs(id, regimeid, chemicalid) VALUES (70, 19,6 );
INSERT INTO regimeterapeuticodrugs(id, regimeid, chemicalid) VALUES (71, 19, 3);
INSERT INTO regimeterapeuticodrugs(id, regimeid, chemicalid) VALUES (72, 19, 8);
INSERT INTO regimeterapeuticodrugs(id, regimeid, chemicalid) VALUES (73, 19, 5);
INSERT INTO regimeterapeuticodrugs(id, regimeid, chemicalid) VALUES (74, 20, 6);
INSERT INTO regimeterapeuticodrugs(id, regimeid, chemicalid) VALUES (75, 20, 3);
INSERT INTO regimeterapeuticodrugs(id, regimeid, chemicalid) VALUES (76, 20, 1);
INSERT INTO regimeterapeuticodrugs(id, regimeid, chemicalid) VALUES (77, 21, 6);
INSERT INTO regimeterapeuticodrugs(id, regimeid, chemicalid) VALUES (78, 21, 3);
INSERT INTO regimeterapeuticodrugs(id, regimeid, chemicalid) VALUES (79, 21, 2);
INSERT INTO regimeterapeuticodrugs(id, regimeid, chemicalid) VALUES (80, 22, 7);
INSERT INTO regimeterapeuticodrugs(id, regimeid, chemicalid) VALUES (81, 22, 3);
INSERT INTO regimeterapeuticodrugs(id, regimeid, chemicalid) VALUES (82, 22, 4);
INSERT INTO regimeterapeuticodrugs(id, regimeid, chemicalid) VALUES (83, 23, 7);
INSERT INTO regimeterapeuticodrugs(id, regimeid, chemicalid) VALUES (84, 23, 3);
INSERT INTO regimeterapeuticodrugs(id, regimeid, chemicalid) VALUES (85, 23, 2);
INSERT INTO regimeterapeuticodrugs(id, regimeid, chemicalid) VALUES (86, 24, 7);
INSERT INTO regimeterapeuticodrugs(id, regimeid, chemicalid) VALUES (87, 24, 3);
INSERT INTO regimeterapeuticodrugs(id, regimeid, chemicalid) VALUES (88, 24, 1);
INSERT INTO regimeterapeuticodrugs(id, regimeid, chemicalid) VALUES (89, 25, 7);
INSERT INTO regimeterapeuticodrugs(id, regimeid, chemicalid) VALUES (90, 25, 3);
INSERT INTO regimeterapeuticodrugs(id, regimeid, chemicalid) VALUES (91, 25, 8);
INSERT INTO regimeterapeuticodrugs(id, regimeid, chemicalid) VALUES (92, 25, 5);
INSERT INTO regimeterapeuticodrugs(id, regimeid, chemicalid) VALUES (93, 26, 1);
INSERT INTO regimeterapeuticodrugs(id, regimeid, chemicalid) VALUES (94, 26, 3);
INSERT INTO regimeterapeuticodrugs(id, regimeid, chemicalid) VALUES (95, 26, 8);
INSERT INTO regimeterapeuticodrugs(id, regimeid, chemicalid) VALUES (96, 26, 5);
INSERT INTO regimeterapeuticodrugs(id, regimeid, chemicalid) VALUES (97, 27, 1);
INSERT INTO regimeterapeuticodrugs(id, regimeid, chemicalid) VALUES (98, 27, 3);
INSERT INTO regimeterapeuticodrugs(id, regimeid, chemicalid) VALUES (99, 27, 2);
INSERT INTO regimeterapeuticodrugs(id, regimeid, chemicalid) VALUES (100, 28, 1);
INSERT INTO regimeterapeuticodrugs(id, regimeid, chemicalid) VALUES (101, 28, 3);
INSERT INTO regimeterapeuticodrugs(id, regimeid, chemicalid) VALUES (102, 28, 4);
INSERT INTO regimeterapeuticodrugs(id, regimeid, chemicalid) VALUES (103, 29, 9);
INSERT INTO regimeterapeuticodrugs(id, regimeid, chemicalid) VALUES (104, 29, 3);
INSERT INTO regimeterapeuticodrugs(id, regimeid, chemicalid) VALUES (105, 29, 2);
INSERT INTO regimeterapeuticodrugs(id, regimeid, chemicalid) VALUES (106, 30, 9);
INSERT INTO regimeterapeuticodrugs(id, regimeid, chemicalid) VALUES (107, 30, 3);
INSERT INTO regimeterapeuticodrugs(id, regimeid, chemicalid) VALUES (108, 30, 4);
INSERT INTO regimeterapeuticodrugs(id, regimeid, chemicalid) VALUES (109, 31, 9);
INSERT INTO regimeterapeuticodrugs(id, regimeid, chemicalid) VALUES (110, 31, 3);
INSERT INTO regimeterapeuticodrugs(id, regimeid, chemicalid) VALUES (111, 31, 8);
INSERT INTO regimeterapeuticodrugs(id, regimeid, chemicalid) VALUES (112, 31, 5);

insert into sector (sectorid,sectorname) values (1,'tb');
insert into sector (sectorid,sectorname) values (2,'smi');
insert into sector (sectorid,sectorname) values (3,'saaj');
insert into sector (sectorid,sectorname) values (4,'pharmacy');
insert into sector (sectorid,sectorname) values (5,'ppe');

INSERT INTO stockcenter (id, stockcentername, preferred) VALUES (1, 'Main', true);

INSERT INTO users (id, modified, cl_password, role, cl_username) VALUES (1, 'T', '123', 'Pharmacy', 'admin');

insert into linhat (linhaid,linhanome,active) values (1,'Primeira',true);
insert into linhat (linhaid,linhanome,active) values (2,'Segunda',true);
insert into linhat (linhaid,linhanome,active) values (3,'Terceira',true);

INSERT INTO parameter values (1,'AMC','20');